cz,cz_name,state,region,division,pop_2000,top_100,urban,abs_mobility,prob_q1q5,frac_black,frac_commute_under15,hhi_percap,top1inc_share,taxrate,inctax_progressive
100,Johnson City,TN,South,East South Central,"576,081",0,urban,38,0.06219881,0.0208408,0.325,31560,13.459,0.02,0
200,Morristown,TN,South,East South Central,"227,816",0,urban,38,0.05365194,0.0197791,0.276,29959,10.631,0.023,0
301,Middlesborough,TN,South,East South Central,"66,708",0,rural,39,0.072635137,0.0146459,0.359,22328,10.691,0.015,0
302,Knoxville,TN,South,East South Central,"727,600",1,urban,38,0.056281213,0.0563648,0.269,35884,15.08,0.019,0
401,Winston-Salem,NC,South,South Atlantic,"493,180",0,urban,37,0.044800792,0.173531,0.292,38892,11.917,0.018,1
402,Martinsville,VA,South,South Atlantic,"92,753",0,rural,37,0.051835854,0.2238095,0.313,31265,10.68,0.015,0
500,Greensboro,NC,South,South Atlantic,"1,055,133",1,urban,36,0.047396939,0.2175593,0.305,36582,18.228,0.017,1
601,North Wilkesboro,NC,South,South Atlantic,"90,016",0,rural,38,0.051663127,0.0319277,0.289,31544,12.645,0.014,1
602,Galax,VA,South,South Atlantic,"64,676",0,rural,41,0.079569891,0.0289597,0.325,30683,8.706,0.014,0
700,Spartanburg,SC,South,South Atlantic,"354,533",0,urban,36,0.04311119,0.2074983,0.299,33417,13.061,0.018,0
800,Gastonia,NC,South,South Atlantic,"413,331",0,urban,35,0.051527306,0.1377782,0.288,33582,10.08,0.015,1
900,Charlotte,NC,South,South Atlantic,"1,423,942",1,urban,36,0.043785237,0.2273302,0.241,41423,15.613,0.02,1
1001,Boone,NC,South,South Atlantic,"77,361",0,rural,40,0.056083649,0.0218586,0.375,25953,14.276,0.022,1
1002,Morganton,NC,South,South Atlantic,"164,760",0,urban,38,0.054446463,0.0473598,0.315,30726,7.776,0.014,1
1100,Hickory,NC,South,South Atlantic,"375,363",0,urban,36,0.04496967,0.0908667,0.322,36024,11.834,0.015,1
1201,Franklin,NC,South,South Atlantic,"44,861",0,rural,41,0.056661561,0.0104991,0.416,37261,20.552,0.024,1
1202,Sylva,NC,South,South Atlantic,"54,082",0,rural,41,0.060665362,0.0143486,0.412,28767,8.421,0.015,1
1203,Asheville,NC,South,South Atlantic,"398,505",0,urban,39,0.063380279,0.0503331,0.314,37445,13.046,0.018,1
1204,Andrews,NC,South,South Atlantic,"59,681",0,rural,41,0.080481037,0.0093497,0.361,33712,55.821,0.015,1
1301,Bennettsville,SC,South,South Atlantic,"71,586",0,rural,35,0.029796841,0.3995614,0.34,25531,12.783,0.02,0
1302,Florence,SC,South,South Atlantic,"548,986",0,urban,36,0.0356782,0.3407701,0.327,32610,13.675,0.021,0
1400,Fayetteville,NC,South,South Atlantic,"644,101",1,urban,35,0.038247012,0.2985355,0.322,29959,11.49,0.016,1
1500,Wilmington,NC,South,South Atlantic,"361,559",0,urban,36,0.041803397,0.2103861,0.317,35617,12.594,0.022,1
1600,Wilson,NC,South,South Atlantic,"216,840",0,urban,35,0.031958379,0.4158873,0.36,31549,11.255,0.017,1
1701,Raleigh,NC,South,South Atlantic,"1,412,127",1,urban,37,0.049986634,0.2301592,0.25,40546,17.762,0.022,1
1702,Henderson,NC,South,South Atlantic,"62,926",0,rural,33,0.033608817,0.4993167,0.345,29492,12.68,0.016,1
1800,Goldsboro,NC,South,South Atlantic,"222,553",0,urban,38,0.045354951,0.3110135,0.348,28925,11.11,0.016,1
1900,Jacksonville,NC,South,South Atlantic,"536,909",0,urban,37,0.04700724,0.2561123,0.375,29500,11.594,0.017,1
2000,Virginia Beach,VA,South,South Atlantic,"1,119,468",1,urban,38,0.053550944,0.3082009,0.253,34929,10.785,0.028,0
2100,Washington,NC,South,South Atlantic,"124,216",0,rural,38,0.049788479,0.287636,0.387,32919,11.065,0.025,1
2200,South Boston,VA,South,South Atlantic,"158,234",0,rural,38,0.049048752,0.3982646,0.318,28198,8.048,0.015,0
2300,Lynchburg,VA,South,South Atlantic,"228,616",0,urban,39,0.067359142,0.1807004,0.309,34417,9.827,0.018,0
2400,Richmond,VA,South,South Atlantic,"1,040,192",1,urban,38,0.054764673,0.3025393,0.238,41886,11.543,0.025,0
2500,Newport News,VA,South,South Atlantic,"570,854",0,urban,38,0.051365763,0.315797,0.29,36027,9.192,0.025,0
2600,Roanoke Rapids,NC,South,South Atlantic,"139,055",0,rural,36,0.032752901,0.5668333,0.357,27335,8.827,0.019,1
2700,Gulfport,MS,South,East South Central,"458,674",0,urban,39,0.067107029,0.1821642,0.298,31028,12.053,0.022,0
2800,Laurel,MS,South,East South Central,"120,505",0,rural,40,0.069207057,0.3181445,0.32,26974,13.527,0.013,0
2900,Hattiesburg,MS,South,East South Central,"157,181",0,urban,39,0.060510889,0.2976568,0.358,28079,11.349,0.015,0
3001,Kosciusko,MS,South,East South Central,"41,270",0,rural,37,0.035489667,0.5979162,0.365,24121,18.373,0.016,0
3002,Yazoo City,MS,South,East South Central,"39,355",0,urban,35,0.024789523,0.5851607,0.417,22600,17.47,0.016,0
3003,Jackson,MS,South,East South Central,"546,560",0,urban,36,0.037534047,0.4445331,0.267,33322,17.981,0.016,0
3101,McComb,MS,South,East South Central,"103,602",0,rural,40,0.06252972,0.4430706,0.341,25123,11.866,0.012,0
3102,Brookhaven,MS,South,East South Central,"46,424",0,rural,40,0.064295486,0.3024298,0.321,27071,21.251,0.018,0
3201,Jena,LA,South,West South Central,"25,202",0,rural,49,0.04770477,0.1854615,0.369,24857,5.903,0.016,4
3202,Natchez,MS,South,East South Central,"69,653",0,rural,39,0.048746027,0.4635694,0.418,27488,12.508,0.014,0
3203,Vicksburg,MS,South,East South Central,"84,943",0,rural,35,0.031178208,0.5634955,0.379,27080,13.243,0.018,0
3300,New Orleans,LA,South,West South Central,"1,381,652",1,urban,38,0.051212866,0.3708242,0.247,34077,13.588,0.031,4
3400,Houma,LA,South,West South Central,"271,365",0,urban,44,0.113469154,0.1991856,0.414,28094,13.738,0.026,4
3500,Baton Rouge,LA,South,West South Central,"806,561",1,urban,39,0.060396895,0.3326568,0.258,31579,11.425,0.024,4
3600,Alexandria,LA,South,West South Central,"186,516",0,urban,40,0.067212842,0.2824583,0.343,28236,13.78,0.021,4
3700,Lake Charles,LA,South,West South Central,"335,960",0,urban,43,0.09711846,0.2051256,0.369,29462,10.245,0.026,4
3800,Lafayette,LA,South,West South Central,"548,154",0,urban,43,0.095053539,0.2701777,0.339,28712,14.406,0.02,4
3901,Monroe,LA,South,West South Central,"253,878",0,urban,38,0.055185098,0.3367011,0.341,29496,15.644,0.019,4
3902,Lake Providence,LA,South,West South Central,"21,735",0,rural,41,0.057306591,0.3962273,0.393,21037,8.917,0.027,4
4001,Magnolia,AR,South,West South Central,"34,162",0,rural,39,0.060388945,0.3603712,0.463,29001,7.52,0.011,1
4002,Shreveport,LA,South,West South Central,"499,101",0,urban,38,0.052718505,0.3812555,0.312,31565,12.701,0.023,4
4003,Ruston,LA,South,West South Central,"74,800",0,rural,40,0.068827927,0.3545989,0.464,24715,11.456,0.017,4
4004,Many,LA,South,West South Central,"23,459",0,rural,47,0.15160796,0.1676968,0.306,30067,9.71,0.019,4
4101,Crossett,AR,South,West South Central,"24,209",0,rural,39,0.041538462,0.268743,0.502,30093,7.41,0.015,1
4102,Pine Bluff,AR,South,West South Central,"168,122",0,urban,37,0.042829826,0.4208908,0.396,27099,8.256,0.015,1
4103,El Dorado,AR,South,West South Central,"89,373",0,rural,38,0.056633048,0.3436384,0.437,30514,9.389,0.013,1
4200,Little Rock,AR,South,West South Central,"630,854",1,urban,38,0.053561717,0.2067547,0.293,36101,11.732,0.017,1
4301,Stuttgart,AR,South,West South Central,"40,542",0,rural,40,0.053962901,0.2489024,0.529,30500,9.649,0.013,1
4302,Searcy,AR,South,West South Central,"94,324",0,rural,41,0.089104541,0.0876765,0.421,28365,8.856,0.012,1
4401,London,KY,South,East South Central,"144,931",0,rural,39,0.063895307,0.0128268,0.345,22044,13.431,0.009,0.2
4402,Richmond,KY,South,East South Central,"116,256",0,rural,39,0.059086841,0.0273964,0.35,25664,7.78,0.013,0.2
4501,West Liberty,KY,South,East South Central,"49,887",0,rural,38,0.068438537,0.0197847,0.295,20802,16.386,0.009,0.2
4502,Hazard,KY,South,East South Central,"117,919",0,rural,43,0.130659372,0.0136534,0.315,20987,9.422,0.011,0.2
4601,Campbellsville,KY,South,East South Central,"83,451",0,rural,42,0.071428575,0.0242777,0.404,26923,8.527,0.009,0.2
4602,Somerset,KY,South,East South Central,"123,981",0,rural,39,0.06271451,0.0082593,0.372,24892,11.635,0.012,0.2
4701,Greenwood,MS,South,East South Central,"84,168",0,rural,36,0.03311066,0.5271481,0.435,25756,13.772,0.016,0
4702,Clarksdale,MS,South,East South Central,"141,711",0,rural,34,0.027132504,0.479377,0.41,25222,12.888,0.016,0
4800,Greenville,MS,South,East South Central,"146,833",0,rural,34,0.02210159,0.6583261,0.498,23169,11.211,0.017,0
4901,Jackson,TN,South,East South Central,"198,166",0,urban,37,0.047488127,0.2735686,0.366,31754,12.857,0.02,0
4902,Dyersburg,TN,South,East South Central,"92,131",0,rural,36,0.043111529,0.287699,0.442,26597,9.444,0.017,0
4903,Lexington,TN,South,East South Central,"44,884",0,rural,41,0.081659973,0.0572587,0.341,31853,6.22,0.013,0
5000,Tupelo,MS,South,East South Central,"197,774",0,rural,38,0.043573417,0.2405877,0.341,30736,11.467,0.013,0
5100,Corinth,MS,South,East South Central,"129,508",0,rural,39,0.06576325,0.0785048,0.372,28904,12.3,0.013,0
5201,New Albany,MS,South,East South Central,"54,214",0,urban,39,0.054625552,0.1846202,0.299,27596,9.491,0.01,0
5202,Memphis,TN,South,East South Central,"1,154,338",1,urban,34,0.028182739,0.4319281,0.224,37116,17.031,0.021,0
5300,West Memphis,AR,South,West South Central,"138,746",0,urban,35,0.032014072,0.4709757,0.416,25942,8.066,0.015,1
5401,Bowling Green,KY,South,East South Central,"164,944",0,urban,40,0.064267352,0.0718668,0.375,31026,12.093,0.013,0.2
5402,Glasgow,KY,South,East South Central,"92,394",0,rural,42,0.061355766,0.0373942,0.376,27831,12.307,0.012,0.2
5500,Columbia,TN,South,East South Central,"159,374",0,urban,39,0.057019267,0.103643,0.304,32507,8.556,0.018,0
5600,Nashville,TN,South,East South Central,"1,246,338",1,urban,38,0.057263449,0.1527258,0.24,39833,18.995,0.023,0
5700,Tullahoma,TN,South,East South Central,"130,610",0,rural,39,0.061447427,0.0546742,0.37,32903,10.603,0.016,0
5800,Dickson,TN,South,East South Central,"138,212",0,urban,40,0.071536146,0.0624765,0.33,31374,11.897,0.017,0
5900,Clarksville,TN,South,East South Central,"252,059",0,urban,39,0.059968848,0.1788946,0.319,28962,9.751,0.016,0
6000,Huntsville,AL,South,East South Central,"519,583",0,urban,38,0.056676153,0.1743591,0.286,37730,10.571,0.015,0
6100,Gadsden,AL,South,East South Central,"304,068",0,urban,41,0.071056664,0.0637357,0.328,30842,10.908,0.014,0
6200,Florence,AL,South,East South Central,"230,941",0,urban,41,0.071067154,0.0898758,0.33,31581,11.773,0.013,0
6301,McMinnville,TN,South,East South Central,"84,309",0,rural,39,0.057225432,0.021694,0.367,29411,11.163,0.014,0
6302,Cookeville,TN,South,East South Central,"98,362",0,rural,41,0.072028808,0.0113255,0.38,28510,11.752,0.017,0
6401,Chattanooga,TN,South,East South Central,"490,863",0,urban,38,0.057053063,0.1344347,0.256,35728,14.485,0.017,0
6402,Crossville,TN,South,East South Central,"104,194",0,rural,41,0.070844688,0.0104996,0.338,29333,10.83,0.019,0
6501,Ellijay,GA,South,South Atlantic,"43,254",0,rural,41,0.064965196,0.0016877,0.292,31235,7.137,0.018,0
6502,Cleveland,TN,South,East South Central,"203,077",0,urban,39,0.066822976,0.0329185,0.343,30499,9.445,0.017,0
6600,Rome,GA,South,South Atlantic,"418,304",0,urban,37,0.048462134,0.0778142,0.301,31877,16.237,0.025,0
6700,Tampa,FL,South,South Atlantic,"2,395,997",1,urban,39,0.060128428,0.0990765,0.264,42195,15.27,0.022,0
6800,Lakeland,FL,South,South Atlantic,"598,228",1,urban,39,0.052058496,0.1247585,0.289,36102,12.185,0.016,0
6900,Sarasota,FL,South,South Atlantic,"763,795",1,urban,39,0.068315662,0.0581478,0.319,52947,17.696,0.018,0
7000,Miami,FL,South,South Atlantic,"3,955,969",1,urban,41,0.072966084,0.1911066,0.198,38110,18.867,0.027,0
7100,Port St. Lucie,FL,South,South Atlantic,"1,533,306",1,urban,39,0.062430378,0.1286175,0.26,55175,20.816,0.027,0
7200,Cape Coral,FL,South,South Atlantic,"692,265",1,urban,40,0.06019152,0.0563643,0.273,55875,17.022,0.025,0
7300,Palm Bay,FL,South,South Atlantic,"589,177",0,urban,39,0.06588921,0.081826,0.3,45264,14.294,0.02,0
7400,Orlando,FL,South,South Atlantic,"1,697,906",1,urban,39,0.05781661,0.1332771,0.212,38370,14.236,0.026,0
7500,Deltona,FL,South,South Atlantic,"563,598",0,urban,39,0.058778916,0.1003783,0.303,38459,11.814,0.025,0
7600,Jacksonville,FL,South,South Atlantic,"1,176,696",1,urban,38,0.04921316,0.2129964,0.229,38502,13.686,0.021,0
7700,Lake City,FL,South,South Atlantic,"149,695",0,rural,39,0.049539458,0.2055513,0.339,25561,8.857,0.02,0
7800,Ocala,FL,South,South Atlantic,"377,001",0,urban,39,0.056420494,0.0850979,0.273,38731,12.616,0.017,0
7900,Gainesville,FL,South,South Atlantic,"320,199",0,urban,39,0.049674656,0.1747757,0.321,28321,12.516,0.02,0
8000,Sumter,SC,South,South Atlantic,"209,914",0,urban,36,0.034936707,0.4398277,0.33,29459,8.648,0.016,0
8100,Columbia,SC,South,South Atlantic,"722,201",1,urban,36,0.037213266,0.3671388,0.28,34438,11.917,0.018,0
8201,Barnwell,SC,South,South Atlantic,"72,733",0,rural,35,0.035372145,0.5508916,0.349,25544,8.527,0.019,0
8202,Charleston,SC,South,South Atlantic,"587,297",0,urban,38,0.044469237,0.313579,0.269,34601,16.485,0.02,0
8300,Greenville,SC,South,South Atlantic,"894,291",1,urban,37,0.046985749,0.1809076,0.308,35225,12.338,0.014,0
8401,Aiken,GA,South,South Atlantic,"525,842",0,urban,36,0.04104875,0.357035,0.275,33294,9.765,0.02,0
8402,Washington,GA,South,South Atlantic,"35,518",0,urban,35,0.031144781,0.4238696,0.341,35155,11.242,0.021,0
8501,Fitzgerald,GA,South,South Atlantic,"27,415",0,rural,37,0.035914704,0.3001277,0.458,27671,7.91,0.019,0
8502,Cordele,GA,South,South Atlantic,"42,098",0,rural,35,0.03304904,0.4342487,0.43,26103,9.602,0.024,0
8503,Valdosta,GA,South,South Atlantic,"241,530",0,urban,36,0.031849012,0.2916284,0.422,27878,11.761,0.02,0
8601,Waycross,GA,South,South Atlantic,"113,122",0,rural,38,0.044591743,0.2323598,0.41,26639,8.311,0.02,0
8602,Brunswick,GA,South,South Atlantic,"93,044",0,urban,36,0.047382671,0.2392524,0.348,36807,12.297,0.027,0
8701,Hinesville,GA,South,South Atlantic,"131,279",0,urban,37,0.048941799,0.3367942,0.413,23378,7.735,0.022,0
8702,Statesboro,GA,South,South Atlantic,"111,346",0,rural,36,0.03888889,0.3250139,0.398,26439,9.041,0.019,0
8800,Savannah,GA,South,South Atlantic,"434,615",0,urban,36,0.040967092,0.3246413,0.297,39851,14.606,0.028,0
8900,Macon,GA,South,South Atlantic,"386,870",0,urban,35,0.032611173,0.3600176,0.294,33836,12.343,0.02,0
9001,Vidalia,GA,South,South Atlantic,"108,438",0,rural,38,0.048065297,0.2602962,0.391,26104,9.534,0.022,0
9002,Milledgeville,GA,South,South Atlantic,"83,808",0,rural,33,0.032226563,0.4402921,0.36,27862,7.55,0.025,0
9003,Dublin,GA,South,South Atlantic,"74,610",0,rural,35,0.032026969,0.3991556,0.343,29575,13.755,0.021,0
9100,Atlanta,GA,South,South Atlantic,"3,798,017",1,urban,36,0.045329735,0.2967886,0.178,44162,17.257,0.028,0
9200,Griffin,GA,South,South Atlantic,"135,136",0,urban,36,0.040281329,0.282508,0.315,30888,10.339,0.02,0
9301,Winder,GA,South,South Atlantic,"212,223",0,urban,35,0.037950665,0.1802161,0.323,30685,11.936,0.026,0
9302,Toccoa,GA,South,South Atlantic,"89,228",0,rural,38,0.041666668,0.1742727,0.407,29484,8.902,0.019,0
9400,Gainesville,GA,South,South Atlantic,"272,150",0,urban,40,0.069715701,0.0582216,0.269,33365,12.858,0.022,0
9500,Talladega,AL,South,East South Central,"148,252",0,rural,38,0.044903226,0.2837061,0.339,29631,7.491,0.011,0
9600,LaGrange,GA,South,South Atlantic,"457,299",0,urban,38,0.052343022,0.1998627,0.294,32720,11.202,0.017,0
9701,Columbus,GA,South,South Atlantic,"303,656",0,urban,35,0.034960333,0.4061438,0.325,31245,12.764,0.018,0
9702,Americus,GA,South,South Atlantic,"65,826",0,urban,35,0.034407429,0.4927536,0.409,27083,13.18,0.02,0
9800,Auburn,AL,South,East South Central,"150,911",0,urban,36,0.034264803,0.3627171,0.38,27283,12.003,0.014,0
9900,Tallahassee,FL,South,South Atlantic,"426,634",0,urban,38,0.047025815,0.2854086,0.275,30838,11.16,0.019,0
10000,Panama City,FL,South,South Atlantic,"172,606",0,urban,39,0.058157489,0.1131768,0.358,32715,12.045,0.022,0
10101,Bainbridge,GA,South,South Atlantic,"43,992",0,rural,37,0.039333332,0.370431,0.39,29034,11.659,0.019,0
10102,Thomasville,GA,South,South Atlantic,"66,396",0,rural,36,0.032886196,0.3550063,0.389,29591,13.908,0.018,0
10200,Albany,GA,South,South Atlantic,"181,765",0,urban,35,0.027632687,0.483597,0.35,30170,10.708,0.023,0
10301,Eufaula,GA,South,South Atlantic,"61,458",0,rural,35,0.022954924,0.5015946,0.388,25284,11.334,0.018,0
10302,Dothan,AL,South,East South Central,"223,605",0,urban,39,0.058282208,0.2125489,0.361,32268,12.707,0.011,0
10400,Meridian,MS,South,East South Central,"157,091",0,rural,37,0.046772875,0.3442973,0.333,29016,9.726,0.014,0
10501,Columbus,MS,South,East South Central,"95,083",0,urban,36,0.036027852,0.4528675,0.362,29115,12.123,0.012,0
10502,Starkville,MS,South,East South Central,"105,093",0,rural,37,0.039936103,0.400845,0.437,26131,9.504,0.012,0
10600,Jasper,AL,South,East South Central,"161,169",0,urban,42,0.08658836,0.059844,0.32,28445,9.24,0.01,0
10700,Birmingham,AL,South,East South Central,"1,038,182",1,urban,38,0.050431833,0.2705701,0.22,38196,16.063,0.02,0
10801,Tuscaloosa,AL,South,East South Central,"261,112",0,urban,37,0.040322579,0.3831728,0.343,30158,14.755,0.013,0
10802,Demopolis,AL,South,East South Central,"63,233",0,rural,37,0.042383045,0.5890595,0.337,27364,9.592,0.01,0
10900,Pensacola,FL,South,South Atlantic,"623,252",1,urban,40,0.061206341,0.1371516,0.309,34256,13.671,0.016,0
11001,Mobile,AL,South,East South Central,"599,405",1,urban,38,0.051398002,0.2892218,0.267,33321,13.029,0.018,0
11002,Atmore,AL,South,East South Central,"76,853",0,rural,39,0.04778761,0.3587759,0.39,27015,11.466,0.01,0
11101,Montgomery,AL,South,East South Central,"367,927",0,urban,36,0.033037372,0.4011421,0.278,33533,13.411,0.015,0
11102,Troy,AL,South,East South Central,"80,901",0,rural,42,0.067988671,0.2318018,0.409,28445,14.481,0.01,0
11201,Bluefield,VA,South,South Atlantic,"199,334",0,rural,44,0.110749185,0.0368878,0.32,27294,10.178,0.017,0
11202,Welch,WV,South,South Atlantic,"53,037",0,rural,45,0.159914717,0.0640119,0.263,22244,5.447,0.012,2.5
11203,Big Stone Gap,VA,South,South Atlantic,"84,011",0,rural,44,0.103608251,0.0131411,0.317,25086,9.891,0.025,0
11301,Fredericksburg,VA,South,South Atlantic,"241,044",0,urban,42,0.094581284,0.1523456,0.205,41266,7.6,0.023,0
11302,Baltimore,MD,South,South Atlantic,"2,512,431",1,urban,39,0.064007394,0.2754225,0.199,44194,15.564,0.025,1
11303,Colonial Beach,VA,South,South Atlantic,"59,342",0,rural,40,0.065451533,0.3115669,0.31,39561,6.938,0.016,0
11304,Washington DC,DC,South,South Atlantic,"4,632,415",1,urban,43,0.109811738,0.2669657,0.16,53706,16.054,0.037,2.5
11401,Marquette,MI,Midwest,East North Central,"121,919",0,rural,45,0.096565135,0.0132547,0.501,32535,8.571,0.025,0
11402,Marinette,MI,Midwest,East North Central,"114,408",0,rural,46,0.102725364,0.0025872,0.525,34016,6.115,0.026,0
11403,Sault Ste. Marie,MI,Midwest,East North Central,"57,510",0,rural,42,0.099183194,0.0454877,0.539,26896,8.244,0.03,0
11500,Jackson,MI,Midwest,East North Central,"303,839",0,urban,40,0.063088782,0.0481373,0.356,36188,8.529,0.022,0
11600,Detroit,MI,Midwest,East North Central,"5,327,827",1,urban,37,0.054592762,0.2136385,0.243,44745,14.548,0.029,0
11700,Lansing,MI,Midwest,East North Central,"447,728",0,urban,40,0.064116739,0.0793115,0.356,37719,10.217,0.029,0
11800,Mount Pleasant,MI,Midwest,East North Central,"136,888",0,rural,42,0.064615384,0.0209295,0.467,27945,8.002,0.025,0
11900,Saginaw,MI,Midwest,East North Central,"540,707",0,urban,41,0.064408086,0.0774874,0.376,36938,8.79,0.026,0
12001,Big Rapids,MI,Midwest,East North Central,"120,045",0,rural,42,0.074307919,0.0238411,0.407,30109,7.829,0.029,0
12002,Ludington,MI,Midwest,East North Central,"52,801",0,rural,42,0.076073617,0.0111362,0.493,33400,9.758,0.035,0
12100,Kalamazoo,MI,Midwest,East North Central,"509,606",0,urban,38,0.052623134,0.0823303,0.36,36931,10.894,0.025,0
12200,Grand Rapids,MI,Midwest,East North Central,"1,286,045",1,urban,40,0.063729167,0.0640125,0.344,37483,12.659,0.026,0
12301,Traverse City,MI,Midwest,East North Central,"154,452",0,rural,42,0.074248672,0.0029977,0.356,39703,13.983,0.034,0
12302,Petoskey,MI,Midwest,East North Central,"83,975",0,rural,42,0.076555021,0.0029294,0.428,37711,21.387,0.038,0
12401,Alpena,MI,Midwest,East North Central,"84,783",0,rural,42,0.078644067,0.0027718,0.472,34474,7.544,0.028,0
12402,Grayling charter,MI,Midwest,East North Central,"104,421",0,rural,42,0.074889868,0.0038019,0.457,34360,13.319,0.034,0
12501,Dayton,OH,Midwest,East North Central,"1,179,009",1,urban,38,0.048814505,0.1164486,0.341,39002,10.176,0.025,2.66
12502,Washington Court House,OH,Midwest,East North Central,"109,851",0,rural,39,0.053333335,0.0186798,0.345,32903,8.036,0.019,2.66
12600,Wayne,IN,Midwest,East North Central,"104,034",0,urban,37,0.053981107,0.0388238,0.464,34115,10.525,0.022,0
12701,Cincinnati,OH,Midwest,East North Central,"1,954,800",1,urban,38,0.051211949,0.1174468,0.258,42063,13.814,0.024,2.66
12702,Maysville,KY,South,East South Central,"52,963",0,urban,40,0.05284553,0.027793,0.322,27372,8.344,0.013,0.2
12800,Washington,IN,Midwest,East North Central,"134,026",0,urban,43,0.106587715,0.0027234,0.314,35835,8.426,0.016,0
12901,Lexington-Fayette,KY,South,East South Central,"525,970",0,urban,37,0.053744998,0.0904804,0.345,36577,13.3,0.019,0.2
12902,Mount Sterling,KY,South,East South Central,"40,195",0,rural,39,0.062291436,0.0261227,0.323,28067,12.55,0.01,0.2
12903,Danville,KY,South,East South Central,"86,667",0,rural,40,0.072749689,0.0514152,0.353,30746,7.263,0.012,0.2
13000,Elizabethtown,KY,South,East South Central,"176,597",0,urban,42,0.081598945,0.0744407,0.338,29945,8.532,0.011,0.2
13101,Louisville,KY,South,East South Central,"1,100,767",1,urban,38,0.051995486,0.1320307,0.261,39192,13.684,0.019,0.2
13102,Madison,IN,Midwest,East North Central,"49,985",0,urban,41,0.093827158,0.013464,0.411,31205,6.725,0.018,0
13103,Bardstown,KY,South,East South Central,"66,605",0,rural,44,0.076216713,0.0678778,0.373,30726,12.494,0.011,0.2
13200,Owensboro,KY,South,East South Central,"177,640",0,urban,43,0.092302568,0.0325208,0.387,31538,9.513,0.013,0.2
13300,Findlay,OH,Midwest,East North Central,"246,623",0,rural,44,0.07361456,0.0147756,0.457,34869,8.274,0.02,2.66
13400,Lima,OH,Midwest,East North Central,"260,393",0,urban,45,0.069481768,0.0520175,0.445,35092,9.453,0.02,2.66
13501,Toledo,OH,Midwest,East North Central,"834,343",1,urban,39,0.057480805,0.0973125,0.345,38616,10.884,0.029,2.66
13502,Defiance,OH,Midwest,East North Central,"98,981",0,rural,44,0.081473216,0.0113456,0.437,35188,11.039,0.02,2.66
13600,South Bend,IN,Midwest,East North Central,"657,906",1,urban,39,0.060134567,0.1066383,0.385,36189,11.211,0.02,0
13700,Concord,IN,Midwest,East North Central,"372,184",0,urban,42,0.073400989,0.0332389,0.405,35487,15.141,0.021,0
13800,Wayne,IN,Midwest,East North Central,"129,528",0,rural,43,0.09151414,0.0055664,0.439,35790,15.072,0.021,0
13900,Center,IN,Midwest,East North Central,"192,308",0,urban,40,0.066135086,0.0376271,0.451,37701,8.196,0.02,0
14000,Muncie,IN,Midwest,East North Central,"415,487",0,urban,38,0.05317324,0.0579176,0.417,34884,10.075,0.019,0
14100,Fort Wayne,IN,Midwest,East North Central,"557,161",0,urban,41,0.065946564,0.067537,0.352,38529,13.303,0.018,0
14200,Indianapolis,IN,Midwest,East North Central,"1,507,346",1,urban,37,0.049006324,0.1408303,0.262,42510,13.844,0.023,0
14300,Columbus,IN,Midwest,East North Central,"163,284",0,urban,40,0.07468643,0.0104909,0.404,35466,12.38,0.02,0
14400,Terre Haute,IN,Midwest,East North Central,"261,832",0,urban,42,0.082625255,0.0346978,0.391,31382,8.691,0.02,0
14500,Lafayette,IN,Midwest,East North Central,"347,966",0,urban,43,0.090833567,0.0364461,0.429,32345,8.583,0.02,0
14600,Bloomington,IN,Midwest,East North Central,"280,923",0,urban,41,0.087185852,0.0144986,0.397,30525,10.999,0.018,0
14700,Evansville,IN,Midwest,East North Central,"388,604",0,urban,44,0.079238921,0.0408462,0.366,36908,13.881,0.021,0
14801,Olney,IL,Midwest,East North Central,"55,642",0,rural,47,0.116939887,0.0019949,0.486,31875,8.23,0.013,0
14802,Vincennes,IN,Midwest,East North Central,"54,708",0,rural,45,0.109839819,0.0154274,0.488,30101,8.491,0.014,0
14900,Gary,IN,Midwest,East North Central,"675,971",1,urban,41,0.081390135,0.1816823,0.277,38097,10.709,0.024,0
15000,Canton,OH,Midwest,East North Central,"700,866",1,urban,42,0.064910851,0.043422,0.378,35700,11.019,0.021,2.66
15100,Lorain,OH,Midwest,East North Central,"423,702",0,urban,40,0.056600116,0.0725557,0.362,38660,8.711,0.025,2.66
15200,Cleveland,OH,Midwest,East North Central,"2,661,167",1,urban,38,0.050859265,0.1749033,0.268,42208,13.743,0.031,2.66
15300,Parkersburg,WV,South,South Atlantic,"202,967",0,urban,42,0.070894405,0.0075283,0.346,32372,7.579,0.017,2.5
15400,Zanesville,OH,Midwest,East North Central,"188,410",0,urban,41,0.06840761,0.029197,0.346,30313,8.705,0.019,2.66
15500,Steubenville,OH,Midwest,East North Central,"132,008",0,urban,41,0.072718151,0.0390431,0.378,32010,9.312,0.02,2.66
15600,Wheeling,WV,South,South Atlantic,"195,637",0,urban,45,0.125404015,0.0226593,0.343,31111,10.613,0.017,2.5
15700,Scioto,OH,Midwest,East North Central,"225,682",0,rural,38,0.064859003,0.0317172,0.322,28949,9.722,0.019,2.66
15800,Athens,OH,Midwest,East North Central,"142,321",0,rural,40,0.074712642,0.0181913,0.359,24643,7.157,0.024,2.66
15900,Columbus,OH,Midwest,East North Central,"1,663,807",1,urban,38,0.049094066,0.1239633,0.271,40286,14.001,0.029,2.66
16000,Mansfield,OH,Midwest,East North Central,"326,186",0,urban,40,0.064460784,0.0510108,0.403,33186,7.903,0.022,2.66
16100,State College,PA,Northeast,Mid-Atlantic,"310,658",0,urban,48,0.113127649,0.0228161,0.397,28923,8.759,0.02,0
16200,Altoona,PA,Northeast,Mid-Atlantic,"411,749",0,urban,47,0.102376908,0.0173747,0.391,30392,9.835,0.018,0
16300,Pittsburgh,PA,Northeast,Mid-Atlantic,"2,561,364",1,urban,45,0.09514869,0.0752677,0.287,38686,13.848,0.025,0
16400,Youngstown,OH,Midwest,East North Central,"809,682",1,urban,41,0.066974595,0.086445,0.374,34808,10.241,0.019,2.66
16500,Erie,PA,Northeast,Mid-Atlantic,"659,098",1,urban,44,0.075166807,0.0337765,0.427,31989,10.49,0.024,0
16600,Roanoke,VA,South,South Atlantic,"468,038",0,urban,40,0.064016424,0.0910396,0.334,34411,9.212,0.022,0
16701,Elkins,WV,South,South Atlantic,"60,271",0,rural,45,0.10579937,0.0074331,0.388,26302,8.336,0.009,2.5
16702,Morgantown,WV,South,South Atlantic,"259,942",0,urban,44,0.104958467,0.0226551,0.336,28593,9.565,0.015,2.5
16703,Buckhannon,WV,South,South Atlantic,"40,323",0,rural,47,0.126410842,0.004092,0.377,25062,7.553,0.014,2.5
16801,Beckley,WV,South,South Atlantic,"174,251",0,urban,43,0.106445029,0.0613311,0.33,28131,11.535,0.012,2.5
16802,Summersville,WV,South,South Atlantic,"58,143",0,rural,46,0.128528967,0.003027,0.329,25662,13.73,0.012,2.5
16901,Charleston,WV,South,South Atlantic,"347,345",0,urban,42,0.097229391,0.0440801,0.28,34109,12.717,0.016,2.5
16902,Spencer,WV,South,South Atlantic,"23,028",0,rural,47,0.146567717,0.001737,0.268,23337,6.941,0.011,2.5
17000,Pikeville,KY,South,East South Central,"204,354",0,rural,43,0.137840375,0.0078296,0.295,23076,10.775,0.011,0.2
17100,Huntington,KY,South,East South Central,"344,380",0,urban,40,0.068505749,0.0211336,0.343,29101,11.153,0.014,0.2
17200,Harrisonburg,VA,South,South Atlantic,"174,641",0,urban,44,0.093889713,0.0240551,0.378,31025,11.826,0.018,0
17300,Staunton,VA,South,South Atlantic,"188,559",0,urban,42,0.068016194,0.071288,0.344,34674,7.971,0.02,0
17400,Hagerstown,PA,Northeast,Mid-Atlantic,"408,535",0,urban,43,0.087094583,0.0471906,0.298,34829,8.689,0.016,0
17501,Cumberland,MD,South,South Atlantic,"155,822",0,urban,44,0.096905537,0.032627,0.373,29147,13.041,0.018,1
17502,Winchester,VA,South,South Atlantic,"115,649",0,urban,42,0.097297296,0.0432689,0.301,36887,10.978,0.02,0
17600,Charlottesville,VA,South,South Atlantic,"273,489",0,urban,39,0.061382599,0.1641565,0.282,37999,12.275,0.022,0
17700,Syracuse,NY,Northeast,Mid-Atlantic,"1,080,612",1,urban,42,0.076672107,0.0556379,0.378,35778,10.819,0.036,0
17800,Oneonta,NY,Northeast,Mid-Atlantic,"161,132",0,rural,45,0.092883892,0.0120771,0.405,31398,7.377,0.037,0
17900,Union,NY,Northeast,Mid-Atlantic,"294,558",0,urban,44,0.088044025,0.0225524,0.363,35192,8.997,0.031,0
18000,Buffalo,NY,Northeast,Mid-Atlantic,"2,369,699",1,urban,42,0.066782549,0.1042086,0.333,38618,10.989,0.037,0
18100,Elmira,NY,Northeast,Mid-Atlantic,"346,894",0,urban,44,0.093692213,0.0296748,0.411,32548,10.805,0.033,0
18201,Olean,NY,Northeast,Mid-Atlantic,"197,898",0,rural,45,0.080133051,0.0104549,0.455,29823,10.119,0.032,0
18202,St. Marys,PA,Northeast,Mid-Atlantic,"41,086",0,rural,48,0.162983432,0.0016551,0.53,34878,10.488,0.02,0
18300,Watertown,NY,Northeast,Mid-Atlantic,"250,613",0,urban,45,0.101180442,0.035465,0.471,27436,6.815,0.035,0
18400,Plattsburgh,NY,Northeast,Mid-Atlantic,"169,879",0,rural,44,0.085456684,0.0406113,0.47,28561,6.947,0.041,0
18500,Amsterdam,NY,Northeast,Mid-Atlantic,"110,160",0,rural,43,0.082840234,0.0128722,0.416,32624,7.015,0.038,0
18600,Albany,NY,Northeast,Mid-Atlantic,"1,061,509",1,urban,43,0.083333336,0.0548041,0.317,40298,10.807,0.034,0
18700,Sunbury,PA,Northeast,Mid-Atlantic,"191,962",0,urban,48,0.111366771,0.0234786,0.396,30863,9.138,0.017,0
18800,Scranton,PA,Northeast,Mid-Atlantic,"857,487",1,urban,46,0.107453175,0.0216272,0.351,35125,12.428,0.023,0
18900,Williamsport,PA,Northeast,Mid-Atlantic,"227,275",0,urban,47,0.10162095,0.0251633,0.414,31689,10.051,0.021,0
19000,Allentown,PA,Northeast,Mid-Atlantic,"637,958",1,urban,45,0.082631499,0.0266742,0.329,39894,12.055,0.023,0
19100,Reading,PA,Northeast,Mid-Atlantic,"1,114,959",1,urban,46,0.096309543,0.0257068,0.344,38217,10.983,0.021,0
19200,Harrisburg,PA,Northeast,Mid-Atlantic,"1,051,424",1,urban,44,0.079268292,0.0586776,0.314,38699,11.141,0.021,0
19300,Poughkeepsie,NY,Northeast,Mid-Atlantic,"873,232",1,urban,43,0.094835781,0.0750854,0.301,39707,9.621,0.039,0
19400,New York,NY,Northeast,Mid-Atlantic,"11,781,395",1,urban,44,0.105000839,0.1962365,0.156,45509,29.143,0.035,0
19500,Toms River,NJ,Northeast,Mid-Atlantic,"1,126,217",1,urban,45,0.122297861,0.0552078,0.263,54036,15.42,0.031,7.22
19600,Newark,NJ,Northeast,Mid-Atlantic,"5,822,286",1,urban,44,0.10242597,0.1384369,0.234,51373,19.205,0.031,7.22
19700,Philadelphia,PA,Northeast,Mid-Atlantic,"5,602,247",1,urban,41,0.074011669,0.1934895,0.246,43746,15.29,0.029,0
19800,Wilmington,DE,South,South Atlantic,"586,216",0,urban,38,0.065723926,0.1756503,0.251,44620,13.844,0.013,0.75
19901,Dover,DE,South,South Atlantic,"439,269",0,urban,39,0.062596008,0.1961827,0.358,36398,9.882,0.017,0.75
19902,Easton,MD,South,South Atlantic,"154,018",0,urban,40,0.062635928,0.1625849,0.32,43805,14.508,0.019,1
19903,Chincoteague,VA,South,South Atlantic,"51,398",0,rural,38,0.044514105,0.3432235,0.393,31562,11.521,0.02,0
20001,Bangor,ME,Northeast,New England,"289,843",0,urban,42,0.080909684,0.0033915,0.403,32900,8.898,0.027,0
20002,Calais,ME,Northeast,New England,"33,941",0,rural,39,0.068027213,0.0023276,0.493,26505,6.18,0.024,0
20003,Presque Isle,ME,Northeast,New England,"73,938",0,rural,44,0.085585587,0.0036382,0.512,27952,7.492,0.023,0
20100,Portland,ME,Northeast,New England,"690,459",1,urban,43,0.080598019,0.0063103,0.363,37252,13.348,0.027,0
20200,Burlington,VT,Northeast,New England,"321,496",0,urban,44,0.093187854,0.0058352,0.366,37131,11.589,0.03,5.9
20301,Berlin,VT,Northeast,New England,"95,549",0,rural,45,0.083530806,0.0022711,0.433,31204,10.699,0.032,5.9
20302,Claremont,VT,Northeast,New England,"265,884",0,rural,44,0.078877002,0.003825,0.383,38571,11.609,0.037,5.9
20401,Providence,RI,Northeast,New England,"1,582,997",1,urban,43,0.08209534,0.0326659,0.328,39543,13.552,0.025,6.15
20402,Nantucket,MA,Northeast,New England,"9,520",0,rural,,0.081081077,0.0822479,0.818,49651,,0.07,0
20403,Oak Bluffs,MA,Northeast,New England,"14,987",0,rural,43,0.067669176,0.0230867,0.576,48059,10.469,0.054,0
20500,Boston,MA,Northeast,New England,"4,974,945",1,urban,45,0.104849979,0.0537642,0.251,49445,21.448,0.023,0
20600,Manchester,NH,Northeast,New England,"1,193,391",1,urban,44,0.100151747,0.0069617,0.301,43530,12.697,0.034,0
20700,Keene,NH,Northeast,New England,"118,041",0,rural,43,0.090111643,0.003897,0.407,37048,24.837,0.042,0
20800,Springfield,MA,Northeast,New England,"680,014",1,urban,41,0.068050474,0.0549518,0.342,36671,10.672,0.018,0
20901,Bridgeport,CT,Northeast,New England,"3,405,565",1,urban,42,0.078617893,0.0867906,0.308,53281,21.68,0.026,0
20902,Pittsfield,MA,Northeast,New England,"171,947",0,urban,43,0.086519115,0.015813,0.479,41091,13.776,0.022,0
21001,Ashland,WI,Midwest,East North Central,"47,701",0,rural,46,0.091032609,0.0014884,0.533,32218,7.108,0.027,0.25
21002,Houghton,MI,Midwest,East North Central,"47,063",0,rural,47,0.102272727,0.0179547,0.55,26975,12.232,0.02,0
21003,Ironwood,MI,Midwest,East North Central,"32,049",0,rural,46,0.121387281,0.0095167,0.554,32111,6.552,0.025,0
21004,Rhinelander,WI,Midwest,East North Central,"67,833",0,rural,46,0.106280193,0.0040393,0.509,37115,10.478,0.038,0.25
21101,Rice Lake,WI,Midwest,East North Central,"92,542",0,rural,47,0.101526208,0.0022476,0.499,33974,14.031,0.028,0.25
21102,Amery,WI,Midwest,East North Central,"56,993",0,rural,47,0.128550068,0.0019301,0.356,36392,7.72,0.026,0.25
21201,Hutchinson,MN,Midwest,West North Central,"72,898",0,urban,53,0.17706576,0.0016599,0.464,37753,6.513,0.015,2.5
21202,Redwood Falls,MN,Midwest,West North Central,"33,969",0,rural,56,0.197183102,0.000942,0.571,37685,7.039,0.021,2.5
21301,Mankato,MN,Midwest,West North Central,"149,925",0,urban,52,0.126344085,0.0065633,0.563,34778,10.199,0.019,2.5
21302,Owatonna,MN,Midwest,West North Central,"109,871",0,rural,49,0.137931034,0.0136979,0.544,35164,8.304,0.018,2.5
21400,St. Cloud,MN,Midwest,West North Central,"254,139",0,urban,51,0.126889601,0.0075825,0.398,35324,9.355,0.023,2.5
21501,Minneapolis,MN,Midwest,West North Central,"2,904,389",1,urban,44,0.085201129,0.0533286,0.264,47071,15.617,0.026,2.5
21502,Pine City,MN,Midwest,West North Central,"41,526",0,rural,47,0.109697931,0.008597,0.342,32880,6.585,0.02,2.5
21600,Brainerd,MN,Midwest,West North Central,"141,542",0,rural,46,0.084274545,0.0021054,0.42,35545,9.384,0.028,2.5
21701,Rochester,MN,Midwest,West North Central,"228,867",0,urban,50,0.142159849,0.0161142,0.469,42380,12.408,0.021,2.5
21702,Austin,MN,Midwest,West North Central,"71,187",0,rural,49,0.117732555,0.0038069,0.555,38505,5.818,0.017,2.5
21801,Mason City,IA,Midwest,West North Central,"78,179",0,rural,50,0.126598462,0.005206,0.58,36400,9.048,0.026,2.86
21802,Decorah,IA,Midwest,West North Central,"72,111",0,rural,57,0.165714279,0.0025239,0.542,34000,9.119,0.026,2.86
21900,Marshalltown,IA,Midwest,West North Central,"113,442",0,rural,48,0.112634674,0.0070697,0.535,35247,9.287,0.022,2.86
22001,Waterloo,IA,Midwest,West North Central,"222,112",0,urban,49,0.122465864,0.0468502,0.492,34720,9.541,0.024,2.86
22002,Iowa Falls,IA,Midwest,West North Central,"29,516",0,rural,52,0.135761589,0.0040656,0.561,36422,9.269,0.026,2.86
22100,Iowa City,IA,Midwest,West North Central,"203,768",0,urban,47,0.093184978,0.017358,0.432,35558,12.979,0.023,2.86
22200,Cedar Rapids,IA,Midwest,West North Central,"252,901",0,urban,48,0.117318437,0.0209094,0.42,40330,10.673,0.023,2.86
22300,Ottumwa,IA,Midwest,West North Central,"142,385",0,rural,49,0.124497995,0.0052112,0.493,33871,12.797,0.022,2.86
22400,Sheboygan,WI,Midwest,East North Central,"195,533",0,urban,47,0.138090819,0.0072417,0.512,39238,11.586,0.022,0.25
22500,Oshkosh,WI,Midwest,East North Central,"549,651",0,urban,48,0.114854969,0.0067334,0.445,38576,11.035,0.023,0.25
22601,Green Bay,WI,Midwest,East North Central,"310,560",0,urban,47,0.091099039,0.0086489,0.427,38561,14.097,0.025,0.25
22602,Shawano,WI,Midwest,East North Central,"65,966",0,rural,44,0.083900228,0.0018343,0.447,33696,9.495,0.021,0.25
22700,Wausau,WI,Midwest,East North Central,"370,092",0,urban,49,0.124485269,0.0026102,0.46,36499,10.158,0.023,0.25
22800,Eau Claire,WI,Midwest,East North Central,"305,307",0,urban,49,0.113019578,0.0050998,0.463,33090,9.385,0.023,0.25
22900,La Crosse,WI,Midwest,East North Central,"220,109",0,urban,48,0.118193328,0.0059425,0.45,34419,11.846,0.025,0.25
23000,Monroe,WI,Midwest,East North Central,"116,624",0,urban,51,0.167138815,0.0050333,0.461,33582,9.444,0.023,0.25
23100,Madison,WI,Midwest,East North Central,"590,755",1,urban,44,0.092191175,0.0304153,0.365,40576,13.799,0.029,0.25
23200,Dubuque,IA,Midwest,West North Central,"163,189",0,urban,54,0.159482762,0.0051168,0.524,36443,11.587,0.022,2.86
23301,Charleston,IL,Midwest,East North Central,"101,161",0,rural,44,0.095867768,0.0159548,0.481,31206,6.921,0.017,0
23302,Douglas,IL,Midwest,East North Central,"101,195",0,rural,47,0.101545252,0.0203864,0.485,31741,12.107,0.014,0
23400,Bloomington,IL,Midwest,East North Central,"206,909",0,urban,44,0.084586464,0.054623,0.496,37177,9.715,0.026,0
23500,Decatur,IL,Midwest,East North Central,"382,083",0,urban,42,0.067792796,0.0945161,0.451,34871,11.171,0.021,0
23600,Burlington,IA,Midwest,West North Central,"136,489",0,rural,47,0.10227973,0.0212252,0.502,35038,8.255,0.022,2.86
23700,Galesburg,IL,Midwest,East North Central,"145,734",0,rural,44,0.08859358,0.0429756,0.509,30827,15.531,0.019,0
23801,Davenport,IL,Midwest,East North Central,"382,351",0,urban,44,0.080944352,0.0554935,0.393,37759,9.948,0.021,0
23802,Clinton,IA,Midwest,West North Central,"70,445",0,rural,48,0.113879003,0.0134715,0.479,34146,7.263,0.023,2.86
23900,Peoria,IL,Midwest,East North Central,"529,703",0,urban,42,0.071781784,0.0611984,0.394,38842,10.056,0.018,0
24000,Kenosha,WI,Midwest,East North Central,"584,474",0,urban,40,0.069195643,0.0591592,0.384,39333,11.463,0.025,0.25
24100,Milwaukee,WI,Midwest,East North Central,"1,660,659",1,urban,39,0.04457067,0.1412247,0.312,42464,14.82,0.027,0.25
24200,Bourbonnais,IL,Midwest,East North Central,"135,167",0,urban,43,0.073096447,0.1195854,0.41,35849,8.544,0.017,0
24300,Chicago,IL,Midwest,East North Central,"8,183,799",1,urban,39,0.064929262,0.1878835,0.201,45757,19.375,0.034,0
24400,Rockford,IL,Midwest,East North Central,"622,573",1,urban,41,0.073538654,0.0639058,0.4,37848,8.898,0.021,0
24500,Rolla,MO,Midwest,West North Central,"111,509",0,rural,43,0.079737335,0.0498614,0.463,26402,8.074,0.01,0
24600,Farmington,MO,Midwest,West North Central,"137,456",0,rural,42,0.085244648,0.0146738,0.368,27773,10.866,0.012,0
24701,St. Louis,MO,Midwest,West North Central,"2,325,609",1,urban,38,0.05052314,0.1953342,0.241,42680,15.666,0.022,0
24702,Mexico,MO,Midwest,West North Central,"37,989",0,rural,45,0.075675674,0.0551212,0.463,30615,8.936,0.014,0
24801,Jacksonville,IL,Midwest,East North Central,"84,748",0,rural,45,0.09115044,0.0398003,0.472,30777,8.008,0.015,0
24802,Springfield,IL,Midwest,East North Central,"267,992",0,urban,41,0.067371599,0.0782598,0.367,40182,17.164,0.019,0
24900,Edwardsville,IL,Midwest,East North Central,"382,997",0,urban,43,0.087293699,0.0568464,0.336,36421,11.462,0.017,0
25000,Quincy,IL,Midwest,East North Central,"152,421",0,rural,46,0.089620486,0.0372783,0.496,31869,8.906,0.015,0
25101,Mountain Home,AR,South,West South Central,"64,068",0,rural,44,0.089506172,0.001155,0.393,32623,12.33,0.012,1
25102,West Plains,MO,Midwest,West North Central,"90,551",0,rural,44,0.081554875,0.002297,0.416,26979,9.392,0.008,0
25103,Harrison,AR,South,West South Central,"76,174",0,rural,45,0.099715099,0.0010371,0.419,29629,9.6,0.014,1
25104,Heber Springs,AR,South,West South Central,"51,737",0,rural,45,0.109600678,0.0017009,0.364,32635,8.657,0.011,1
25105,Batesville,AR,South,West South Central,"64,601",0,rural,44,0.096028879,0.0148295,0.375,29503,6.777,0.017,1
25200,Henderson,KY,South,East South Central,"151,629",0,urban,43,0.099227801,0.0651986,0.401,31361,7.515,0.011,0.2
25300,Union City,TN,South,East South Central,"117,387",0,rural,40,0.073929958,0.081193,0.403,30330,7.44,0.013,0
25401,Paducah,KY,South,East South Central,"138,654",0,rural,41,0.074477747,0.0607339,0.378,34572,16.296,0.014,0.2
25402,Murray,KY,South,East South Central,"34,177",0,rural,42,0.070454545,0.0351113,0.521,28383,14.14,0.011,0.2
25500,Centralia,IL,Midwest,East North Central,"141,040",0,urban,45,0.081344374,0.0438244,0.407,33265,9.007,0.015,0
25601,Carbondale,IL,Midwest,East North Central,"265,022",0,urban,43,0.079047836,0.0822083,0.418,28913,9.027,0.014,0
25602,Harrisburg,IL,Midwest,East North Central,"37,978",0,rural,44,0.112137206,0.0323082,0.429,29680,9.9,0.014,0
25701,Cape Girardeau,MO,Midwest,West North Central,"184,036",0,urban,41,0.060051546,0.0753983,0.436,30141,11.114,0.016,0
25702,Poplar Bluff,MO,Midwest,West North Central,"73,576",0,rural,41,0.066825777,0.029004,0.401,28334,9.572,0.011,0
25800,Blytheville,AR,South,West South Central,"105,181",0,rural,38,0.051401868,0.2378091,0.475,26795,7.453,0.012,1
25900,Jonesboro,AR,South,West South Central,"198,671",0,urban,41,0.081032261,0.0427289,0.442,29115,9.279,0.011,1
26001,Roseau,MN,Midwest,West North Central,"20,860",0,rural,54,0.1875,0.001534,0.533,33398,21.65,0.021,2.5
26002,Duluth,MN,Midwest,West North Central,"286,544",0,urban,45,0.08911483,0.0077789,0.437,34404,7.461,0.021,2.5
26003,West Cook UT,MN,Midwest,West North Central,"5,168",0,rural,,0.101694912,0.0029025,0.588,39706,,0.038,2.5
26004,International Falls,MN,Midwest,West North Central,"14,355",0,rural,49,0.174129352,0.0018809,0.618,37115,12.528,0.018,2.5
26101,Moberly,MO,Midwest,West North Central,"56,535",0,rural,45,0.101372756,0.0439904,0.468,29088,12.936,0.017,0
26102,Marshall,MO,Midwest,West North Central,"48,599",0,rural,45,0.094837934,0.036544,0.559,31245,8.005,0.014,0
26103,Brookfield,MO,Midwest,West North Central,"22,192",0,rural,49,0.111922137,0.0155912,0.475,31879,6.202,0.014,0
26104,Trenton,MO,Midwest,West North Central,"14,189",0,rural,46,0.108333334,0.0033829,0.497,30864,7.244,0.015,0
26105,Polk,MO,Midwest,West North Central,"12,442",0,rural,48,0.087136932,0.0009645,0.405,28324,6.607,0.013,0
26106,Centerville,IA,Midwest,West North Central,"29,873",0,rural,50,0.146718144,0.0024772,0.517,30736,8.216,0.022,2.86
26107,Kirksville,MO,Midwest,West North Central,"38,491",0,rural,47,0.113438047,0.0079759,0.575,26767,11.805,0.016,0
26201,Bismarck,ND,Midwest,West North Central,"114,739",0,urban,55,0.186741367,0.001839,0.541,35396,12.604,0.019,3.44
26202,East Grant UT,ND,Midwest,West North Central,"2,841",0,rural,,,0,0.552,30352,,0.023,3.44
26203,Linton,ND,Midwest,West North Central,"10,029",0,rural,64,0.298913032,0.0003988,0.646,34910,4.489,0.022,3.44
26204,Steele,ND,Midwest,West North Central,"2,753",0,rural,,,0.0018162,0.54,29680,,0.023,3.44
26301,Devils Lake,ND,Midwest,West North Central,"22,745",0,rural,48,0.096474953,0.0014069,0.627,32687,5.591,0.023,3.44
26302,Carrington,ND,Midwest,West North Central,"6,516",0,rural,59,0.333333343,0.0010743,0.656,36561,7.593,0.023,3.44
26303,Turtle Mountain UT,ND,Midwest,West North Central,"16,550",0,rural,41,0.082554519,0.0007251,0.574,25045,7.113,0.016,3.44
26304,Minot,ND,Midwest,West North Central,"74,541",0,rural,56,0.224178404,0.0172791,0.606,31149,8.634,0.018,3.44
26305,Rugby,ND,Midwest,West North Central,"11,487",0,rural,60,0.219101131,0.0011317,0.665,33947,10.406,0.022,3.44
26401,Ekalaka,SD,Midwest,West North Central,"2,713",0,rural,,0.229729727,0.001843,0.665,25283,,0.055,0
26402,Baker,MT,West,Mountain,"2,837",0,rural,,0.212765962,0.0014099,0.713,30325,,0.041,0
26403,Bowman,ND,Midwest,West North Central,"4,009",0,rural,,0.469696969,0.0002494,0.648,34194,,0.02,3.44
26404,Lemmon,ND,Midwest,West North Central,"8,671",0,rural,61,0.357142866,0.0024219,0.704,34793,8.435,0.028,3.44
26405,Scobey,MT,West,Mountain,"2,017",0,rural,,,0,0.71,32705,,0.033,0
26406,Wolf Point,MT,West,Mountain,"12,597",0,rural,44,0.094188377,0.0008732,0.7,24254,5.489,0.032,0
26407,Plentywood,MT,West,Mountain,"4,105",0,rural,,0.318181813,0.0009744,0.681,33727,,0.028,0
26408,Glasgow,MT,West,Mountain,"12,276",0,rural,51,0.166064978,0.0012219,0.697,31217,4.758,0.037,0
26409,Glendive,MT,West,Mountain,"12,051",0,rural,57,0.266666681,0.0020745,0.735,29215,4.291,0.028,0
26410,Dickinson,ND,Midwest,West North Central,"27,124",0,rural,64,0.329207927,0.0017697,0.659,29909,8.093,0.019,3.44
26411,Sidney,ND,Midwest,West North Central,"22,035",0,rural,56,0.250569463,0.0008623,0.637,30292,5.407,0.023,3.44
26412,Williston,ND,Midwest,West North Central,"24,286",0,rural,61,0.338308454,0.0008647,0.702,32277,7.252,0.019,3.44
26501,Brookings,SD,Midwest,West North Central,"40,630",0,rural,54,0.166666672,0.0026335,0.64,30234,9.071,0.029,0
26502,Madison,SD,Midwest,West North Central,"14,160",0,rural,54,0.184357539,0.0026836,0.632,30819,9.604,0.027,0
26503,Sioux Falls,SD,Midwest,West North Central,"200,630",0,urban,49,0.118633144,0.0121517,0.439,36624,13.17,0.028,0
26504,Watertown,SD,Midwest,West North Central,"40,078",0,rural,55,0.143529415,0.0011478,0.595,35143,7.69,0.027,0
26601,Milbank,MN,Midwest,West North Central,"17,801",0,rural,56,0.170212761,0.0006741,0.65,34361,6.661,0.025,2.5
26602,Sisseton,SD,Midwest,West North Central,"20,859",0,rural,49,0.107066378,0.0010547,0.563,30613,4.579,0.026,0
26603,East Corson UT,SD,Midwest,West North Central,"8,225",0,urban,33,0.070028014,0.0006079,0.505,17401,14.908,0.017,0
26604,Mobridge,SD,Midwest,West North Central,"7,756",0,rural,52,0.111111112,0.0002579,0.708,31322,4.955,0.027,0
26605,Aberdeen,SD,Midwest,West North Central,"52,825",0,rural,55,0.199268743,0.0022338,0.676,33760,10.84,0.03,0
26701,Bemidji,MN,Midwest,West North Central,"101,639",0,rural,45,0.095286883,0.00244,0.449,31567,9.319,0.021,2.5
26702,Grafton,ND,Midwest,West North Central,"31,090",0,rural,57,0.232558146,0.0016082,0.582,34409,9.879,0.026,3.44
26703,Thief River Falls,MN,Midwest,West North Central,"28,038",0,rural,55,0.178756475,0.0015693,0.534,32095,9.085,0.022,2.5
26704,Grand Forks,ND,Midwest,West North Central,"108,213",0,urban,51,0.127949178,0.0089361,0.613,31651,10.207,0.022,3.44
26801,Fargo,ND,Midwest,West North Central,"206,945",0,urban,50,0.135817304,0.0063737,0.518,34085,11.083,0.02,3.44
26802,Lisbon,ND,Midwest,West North Central,"16,013",0,rural,60,0.235294119,0.0011865,0.606,35168,6.895,0.021,3.44
26803,Jamestown,ND,Midwest,West North Central,"38,384",0,rural,56,0.224056602,0.0028137,0.667,32842,8.37,0.02,3.44
26804,Cooperstown,ND,Midwest,West North Central,"2,754",0,rural,,,0,0.615,34890,,0.025,3.44
26901,Fergus Falls,MN,Midwest,West North Central,"117,558",0,rural,53,0.152307689,0.0029432,0.526,36094,8.518,0.019,2.5
26902,Little Falls,MN,Midwest,West North Central,"69,851",0,rural,52,0.164556965,0.0022476,0.435,31851,6.947,0.017,2.5
27001,O'Neill,NE,Midwest,West North Central,"14,875",0,rural,57,0.189349115,0.0002017,0.653,31084,6.285,0.024,1.72
27002,Ord,NE,Midwest,West North Central,"9,975",0,rural,58,0.239234447,0.002005,0.658,31042,6.536,0.032,1.72
27003,Ainsworth,NE,Midwest,West North Central,"6,264",0,rural,56,0.192052975,0.0001596,0.67,30825,5.895,0.032,1.72
27004,Winner,SD,Midwest,West North Central,"11,222",0,rural,52,0.139285713,0.0003564,0.673,29623,7.011,0.027,0
27005,Yankton,SD,Midwest,West North Central,"47,901",0,rural,58,0.171200007,0.0064717,0.583,31086,6.798,0.025,0
27006,Mitchell,SD,Midwest,West North Central,"27,613",0,rural,52,0.133819953,0.0021005,0.641,33753,13.422,0.03,0
27007,Huron,SD,Midwest,West North Central,"19,318",0,rural,52,0.120481931,0.0061083,0.67,35617,8.42,0.026,0
27008,Parkston,SD,Midwest,West North Central,"20,883",0,rural,51,0.157107234,0.0009098,0.613,29594,8.575,0.028,0
27009,Chamberlain,SD,Midwest,West North Central,"11,291",0,rural,41,0.080419578,0.0016828,0.6,26746,7.207,0.025,0
27010,Miller,SD,Midwest,West North Central,"5,412",0,rural,,0.315068483,0.0005543,0.697,39611,,0.035,0
27011,Pierre,SD,Midwest,West North Central,"20,809",0,rural,47,0.092436977,0.001682,0.767,38653,7.779,0.027,0
27012,Gettysburg,SD,Midwest,West North Central,"2,693",0,rural,,0.326530606,0,0.729,37190,,0.03,0
27101,Willmar,MN,Midwest,West North Central,"85,394",0,rural,52,0.124713957,0.0062651,0.549,35795,7.697,0.018,2.5
27102,Marshall,MN,Midwest,West North Central,"51,470",0,rural,55,0.153061226,0.008471,0.621,34330,9.09,0.02,2.5
27201,Sioux Center,IA,Midwest,West North Central,"58,454",0,rural,58,0.230769232,0.0019503,0.629,32542,13.264,0.023,2.86
27202,Worthington,MN,Midwest,West North Central,"60,435",0,rural,54,0.140293643,0.0045669,0.589,34678,6.866,0.02,2.5
27301,Spencer,IA,Midwest,West North Central,"61,106",0,rural,54,0.185007975,0.0012765,0.598,38061,12.545,0.026,2.86
27302,Fairmont,MN,Midwest,West North Central,"49,010",0,rural,52,0.128712878,0.0024077,0.576,35648,7.086,0.022,2.5
27401,Storm Lake,IA,Midwest,West North Central,"52,812",0,rural,55,0.173431739,0.002632,0.614,34279,8.244,0.023,2.86
27402,Fort Dodge,IA,Midwest,West North Central,"101,165",0,rural,50,0.130044848,0.0148273,0.572,35646,10.56,0.027,2.86
27501,Des Moines,IA,Midwest,West North Central,"595,842",1,urban,45,0.091024823,0.0332521,0.384,40108,13.556,0.026,2.86
27502,Creston,IA,Midwest,West North Central,"35,600",0,rural,48,0.124513619,0.0034551,0.556,31082,8.285,0.027,2.86
27503,Atlantic,IA,Midwest,West North Central,"34,687",0,rural,53,0.151583716,0.0015279,0.557,35644,8.047,0.025,2.86
27504,Carroll,IA,Midwest,West North Central,"48,729",0,rural,55,0.167235494,0.0033861,0.611,34862,6.69,0.025,2.86
27601,Rapid City,SD,Midwest,West North Central,"158,442",0,urban,46,0.093032956,0.0073276,0.484,33201,10.24,0.029,0
27602,Eagle Butte,SD,Midwest,West North Central,"8,491",0,rural,35,0.05111821,0.0002355,0.578,18546,5.469,0.016,0
27603,Southwest Jackson UT,SD,Midwest,West North Central,"5,126",0,rural,46,0.110344827,0.0001951,0.669,26268,7.437,0.029,0
27604,Murdo,SD,Midwest,West North Central,"1,193",0,rural,,,0,0.715,30669,,0.036,0
27605,Mission,SD,Midwest,West North Central,"11,133",0,rural,27,0.024253732,0.0007186,0.465,17598,5.522,0.012,0
27701,Scottsbluff,NE,Midwest,West North Central,"65,903",0,rural,50,0.119402982,0.0030499,0.642,33192,6.759,0.024,1.72
27702,Cheyenne,WY,West,Mountain,"95,526",0,urban,46,0.095637582,0.0213031,0.564,34425,9.978,0.017,0
27703,Torrington,WY,West,Mountain,"21,345",0,rural,51,0.171581775,0.0013118,0.624,31966,5.398,0.02,0
27704,Gordon,SD,Midwest,West North Central,"22,238",0,rural,35,0.031948883,0.0010343,0.588,19815,6.245,0.017,0
27801,Virginia Beach,NE,Midwest,West North Central,"56,990",0,rural,52,0.15160796,0.0062292,0.614,31600,11.685,0.025,1.72
27802,Columbus,NE,Midwest,West North Central,"61,167",0,rural,56,0.169184297,0.0017493,0.581,34258,7.077,0.023,1.72
27901,Hastings,NE,Midwest,West North Central,"42,251",0,rural,51,0.111111112,0.0046863,0.599,34343,12.631,0.039,1.72
27902,York,NE,Midwest,West North Central,"26,871",0,rural,55,0.186813191,0.0056194,0.628,35524,7.531,0.032,1.72
27903,Grand Island,NE,Midwest,West North Central,"77,708",0,urban,50,0.142099679,0.0027282,0.561,33160,10.709,0.026,1.72
28001,Sioux City,IA,Midwest,West North Central,"187,773",0,urban,49,0.112523541,0.0124193,0.454,35655,10.997,0.025,2.86
28002,West Point,NE,Midwest,West North Central,"25,165",0,rural,47,0.100386098,0.0011127,0.551,32028,6.198,0.027,1.72
28101,Lincoln,NE,Midwest,West North Central,"311,956",0,urban,45,0.091316752,0.0226154,0.434,35973,14.437,0.027,1.72
28102,Nebraska City,NE,Midwest,West North Central,"40,078",0,rural,53,0.158351406,0.0021458,0.514,34517,5.397,0.025,1.72
28201,Red Oak,IA,Midwest,West North Central,"48,197",0,rural,51,0.124213837,0.0060792,0.55,33242,8.44,0.023,2.86
28202,Omaha,NE,Midwest,West North Central,"803,201",1,urban,43,0.077540748,0.0734997,0.349,39948,17.652,0.025,1.72
28301,Sterling,CO,West,Mountain,"39,751",0,rural,52,0.14463453,0.0108677,0.64,31170,10.371,0.034,0
28302,Ogallala,NE,Midwest,West North Central,"16,920",0,rural,54,0.162280709,0.0010638,0.614,34904,8.858,0.037,1.72
28303,Oshkosh,NE,Midwest,West North Central,"2,292",0,rural,,,0.0008726,0.677,31316,,0.041,1.72
28304,Valentine,NE,Midwest,West North Central,"8,122",0,rural,52,0.145348832,0.0004925,0.704,31506,7.675,0.036,1.72
28305,Broken Bow,NE,Midwest,West North Central,"13,105",0,rural,56,0.176470593,0.0006105,0.63,33846,6.249,0.031,1.72
28306,North Platte,NE,Midwest,West North Central,"35,939",0,rural,48,0.122767858,0.0050085,0.598,35591,7.625,0.033,1.72
28401,Colorado Springs,CO,West,Mountain,"587,132",0,urban,42,0.089342691,0.0595318,0.311,37765,11.252,0.024,0
28402,Limon,CO,West,Mountain,"6,087",0,rural,,0.178571433,0.0489568,0.631,25562,,0.035,0
28501,Springfield,CO,West,Mountain,"4,517",0,rural,,0.191919193,0.0002214,0.667,31260,,0.041,0
28502,Pueblo,CO,West,Mountain,"187,782",0,urban,41,0.065621682,0.0166736,0.44,31075,13.04,0.027,0
28503,Trinidad,CO,West,Mountain,"23,069",0,rural,45,0.117647059,0.0113572,0.579,30720,6.173,0.041,0
28504,Burlington,CO,West,Mountain,"11,864",0,rural,56,0.204651162,0.0128962,0.655,32575,7.888,0.043,0
28601,Oberlin,KS,Midwest,West North Central,"6,438",0,rural,55,0.243243247,0.0040385,0.645,36684,4.693,0.034,0.2
28602,Norton,KS,Midwest,West North Central,"5,953",0,rural,51,0.168674693,0.0403158,0.735,27980,5.438,0.027,0.2
28603,Phillipsburg,KS,Midwest,West North Central,"10,537",0,rural,53,0.148648649,0.0018981,0.652,34879,10.852,0.032,0.2
28604,Colby,KS,Midwest,West North Central,"17,107",0,rural,56,0.195876285,0.0035073,0.72,36561,5.535,0.042,0.2
28605,Goodland,KS,Midwest,West North Central,"8,509",0,rural,51,0.19491525,0.0041133,0.716,32861,11.603,0.038,0.2
28606,Wano,KS,Midwest,West North Central,"5,457",0,rural,,0.204545453,0.0003665,0.661,36524,,0.035,0.2
28607,McCook,NE,Midwest,West North Central,"19,695",0,rural,52,0.182456136,0.0014217,0.681,32797,8.313,0.03,1.72
28608,Kearney,NE,Midwest,West North Central,"56,033",0,rural,53,0.164429531,0.0042832,0.603,31135,13.401,0.026,1.72
28609,Lexington,NE,Midwest,West North Central,"48,464",0,rural,51,0.165277779,0.0016094,0.642,33765,6.246,0.03,1.72
28701,Salida,CO,West,Mountain,"16,242",0,rural,48,0.089473687,0.0158232,0.644,33185,4.764,0.024,0
28702,Glenwood Springs,CO,West,Mountain,"131,682",0,rural,47,0.169014081,0.0034629,0.424,45256,29.671,0.067,0
28703,Granby,CO,West,Mountain,"12,442",0,rural,43,0.075471699,0.0048224,0.458,40411,8.12,0.082,0
28704,Laramie,WY,West,Mountain,"33,591",0,rural,49,0.162866443,0.0095859,0.755,26024,22.854,0.015,0
28800,Fort Collins,CO,West,Mountain,"459,601",0,urban,45,0.115367778,0.0051893,0.388,37523,10.663,0.029,0
28900,Denver,CO,West,Mountain,"2,449,044",1,urban,42,0.087027751,0.0469253,0.23,46181,17.396,0.03,0
29001,Pratt,KS,Midwest,West North Central,"18,232",0,rural,52,0.155172408,0.0062527,0.706,35115,6.88,0.037,0.2
29002,Coldwater,KS,Midwest,West North Central,"1,967",0,rural,,,0.0005084,0.648,37696,,0.05,0.2
29003,Dodge City,KS,Midwest,West North Central,"42,837",0,rural,48,0.113309354,0.0117422,0.62,31771,7.995,0.038,0.2
29004,Great Bend,KS,Midwest,West North Central,"47,227",0,rural,51,0.131280392,0.0145044,0.59,33946,5.615,0.032,0.2
29005,Hutchinson,KS,Midwest,West North Central,"82,076",0,rural,45,0.10738916,0.0263293,0.522,33452,8.738,0.029,0.2
29006,Hays,KS,Midwest,West North Central,"38,196",0,rural,53,0.157894731,0.0056289,0.711,33330,8.124,0.029,0.2
29007,Township 11,KS,Midwest,West North Central,"8,631",0,rural,50,0.115107916,0.018422,0.63,34104,7.854,0.042,0.2
29008,Center,KS,Midwest,West North Central,"5,609",0,rural,53,0.149425283,0.0001783,0.671,38615,4.858,0.046,0.2
29101,Concordia,KS,Midwest,West North Central,"19,894",0,rural,53,0.152823925,0.0025133,0.62,36131,9.884,0.028,0.2
29102,Superior,NE,Midwest,West North Central,"11,112",0,rural,59,0.1863354,0.00018,0.634,35206,20.119,0.033,1.72
29103,Beloit,KS,Midwest,West North Central,"11,384",0,rural,55,0.150375932,0.003338,0.69,36359,9.313,0.027,0.2
29104,Salina,KS,Midwest,West North Central,"63,338",0,rural,44,0.082998663,0.0261612,0.594,35541,11.286,0.023,0.2
29201,Hiawatha,KS,Midwest,West North Central,"21,441",0,rural,57,0.171821311,0.0098876,0.578,34022,8.562,0.021,0.2
29202,Marysville,KS,Midwest,West North Central,"17,448",0,rural,58,0.145228222,0.0017767,0.557,34953,10.779,0.042,0.2
29203,Manhattan,KS,Midwest,West North Central,"143,269",0,urban,44,0.088531189,0.0734213,0.558,28788,6.743,0.027,0.2
29204,Topeka,KS,Midwest,West North Central,"324,513",0,urban,42,0.070468798,0.0593443,0.397,35816,9.003,0.025,0.2
29301,Wichita,KS,Midwest,West North Central,"553,506",0,urban,41,0.072246693,0.0754554,0.344,38847,12.404,0.024,0.2
29302,Newton,KS,Midwest,West North Central,"75,784",0,urban,48,0.103496507,0.0105167,0.563,36055,6.387,0.025,0.2
29303,Winfield,KS,Midwest,West North Central,"51,584",0,rural,45,0.10986267,0.0194246,0.504,33686,12.208,0.025,0.2
29401,Ottawa,KS,Midwest,West North Central,"51,067",0,rural,45,0.092639595,0.0112401,0.444,32282,6.638,0.023,0.2
29402,Emporia,KS,Midwest,West North Central,"47,830",0,rural,46,0.10940171,0.0174368,0.595,29885,6.731,0.037,0.2
29403,Bartlesville,KS,Midwest,West North Central,"145,981",0,rural,44,0.089498803,0.0332372,0.529,34266,7.497,0.017,0.2
29501,Leavenworth,KS,Midwest,West North Central,"85,465",0,urban,42,0.080346107,0.0924472,0.425,33080,5.759,0.019,0.2
29502,Kansas City,MO,Midwest,West North Central,"1,762,873",1,urban,40,0.070146576,0.1244832,0.281,42531,14.187,0.026,0
29503,St. Joseph,MO,Midwest,West North Central,"158,300",0,urban,43,0.083113454,0.0332596,0.406,32194,8.984,0.018,0
29504,Sedalia,MO,Midwest,West North Central,"88,232",0,rural,43,0.082563154,0.0162866,0.437,31289,8.315,0.014,0
29505,Polk,MO,Midwest,West North Central,"33,693",0,rural,51,0.112745099,0.012792,0.569,27754,6.424,0.019,0
29506,Bethany,MO,Midwest,West North Central,"18,093",0,rural,48,0.120845921,0.0013265,0.468,31181,6.668,0.016,0
29601,Columbia,MO,Midwest,West North Central,"302,388",0,urban,43,0.065512978,0.0779793,0.422,32705,11.061,0.019,0
29602,Eldon,MO,Midwest,West North Central,"79,924",0,rural,42,0.067785665,0.003178,0.336,34165,7.975,0.017,0
29700,Springfield,MO,Midwest,West North Central,"440,866",0,urban,42,0.071467616,0.0139838,0.344,31926,12.472,0.014,0
29800,Aurora,MO,Midwest,West North Central,"137,575",0,rural,43,0.074891463,0.0017736,0.363,31417,9.762,0.014,0
29901,Joplin,MO,Midwest,West North Central,"266,742",0,urban,43,0.072286703,0.0123115,0.454,30456,12.377,0.016,0
29902,Center,MO,Midwest,West North Central,"54,651",0,rural,44,0.085664339,0.0041353,0.467,28968,6.683,0.012,0
30000,Russellville,AR,South,West South Central,"138,646",0,rural,43,0.088736087,0.0169136,0.404,28758,10.927,0.011,1
30100,Fort Smith,AR,South,West South Central,"332,832",0,urban,43,0.093938597,0.0336386,0.371,29347,10.514,0.014,1
30200,Muskogee,OK,South,West South Central,"152,466",0,rural,41,0.063101105,0.0681135,0.388,27011,14.553,0.014,0
30300,Fayetteville,AR,South,West South Central,"384,122",0,urban,43,0.091806516,0.0105696,0.378,32612,20.44,0.015,1
30401,Stillwater,OK,South,West South Central,"79,601",0,rural,46,0.098464318,0.03309,0.568,26432,8.371,0.017,0
30402,Tulsa,OK,South,West South Central,"921,246",1,urban,42,0.078357495,0.0778685,0.323,36227,14.218,0.016,0
30403,Okmulgee,OK,South,West South Central,"51,499",0,urban,42,0.081061162,0.1020214,0.369,26343,7.645,0.012,0
30501,Woodward,OK,South,West South Central,"26,123",0,rural,53,0.200000003,0.0078475,0.556,32076,9.308,0.02,0
30502,Enid,OK,South,West South Central,"102,415",0,rural,50,0.149268791,0.0305424,0.561,31507,8.515,0.018,0
30601,El Paso,TX,South,West South Central,"857,648",1,urban,44,0.086441278,0.0244144,0.28,25721,13.174,0.024,0
30602,Alamogordo,NM,West,Mountain,"81,709",0,rural,42,0.084955752,0.0285403,0.447,29489,7.508,0.013,0
30603,Truth or Consequences,NM,West,Mountain,"13,270",0,rural,41,0.081272088,0.0041447,0.6,32267,5.967,0.01,0
30604,Deming,NM,West,Mountain,"61,950",0,rural,42,0.06972789,0.0050202,0.51,26356,7.628,0.015,0
30605,Van Horn,TX,South,West South Central,"2,975",0,rural,,0.223463684,0.0063866,0.753,21738,,0.059,0
30701,Roswell,NM,West,Mountain,"113,040",0,rural,44,0.116612375,0.0155432,0.539,30443,10.401,0.012,0
30702,Santa Rosa,NM,West,Mountain,"6,920",0,rural,45,0.120481931,0.0086705,0.702,22180,11.46,0.016,0
30801,Hobbs,NM,West,Mountain,"90,061",0,rural,49,0.161949679,0.0372303,0.598,27195,9.764,0.036,0
30802,Lubbock,TX,South,West South Central,"287,568",0,urban,41,0.067375377,0.0689333,0.449,30597,12.472,0.032,0
30901,Clovis,NM,West,Mountain,"73,078",0,rural,44,0.082815737,0.045212,0.617,28205,13.37,0.014,0
30902,Littlefield,TX,South,West South Central,"29,588",0,rural,47,0.080366224,0.0295052,0.607,29302,9.154,0.042,0
30903,Amarillo,TX,South,West South Central,"240,752",0,urban,43,0.086136706,0.0533827,0.438,33188,15.757,0.023,0
30904,Pampa,TX,South,West South Central,"57,355",0,urban,51,0.153333336,0.0342603,0.549,33957,8.602,0.032,0
30905,Wellington,TX,South,West South Central,"8,490",0,rural,51,0.133640558,0.0360424,0.64,32499,6.738,0.042,0
30906,Memphis,TX,South,West South Central,"9,400",0,rural,48,0.117154814,0.0519149,0.601,29000,8.488,0.026,0
30907,Matador,TX,South,West South Central,"1,426",0,rural,,,0.0350631,0.582,36160,,0.027,0
30908,Plainview,TX,South,West South Central,"52,751",0,rural,44,0.084852293,0.0527573,0.612,27000,7.827,0.019,0
31001,Garden City,KS,Midwest,West North Central,"52,031",0,rural,47,0.108910888,0.0083988,0.586,30158,8.429,0.047,0.2
31002,Ulysses,KS,Midwest,West North Central,"15,778",0,rural,49,0.190721646,0.0042464,0.685,34785,5.824,0.073,0.2
31003,Scott City,KS,Midwest,West North Central,"9,185",0,rural,54,0.191304341,0.000871,0.658,39001,5.73,0.042,0.2
31004,Liberal,KS,Midwest,West North Central,"32,998",0,rural,49,0.121145375,0.0253652,0.642,30590,7.505,0.036,0.2
31005,Perryton,TX,South,West South Central,"17,432",0,rural,56,0.232835814,0.001262,0.632,33736,8.223,0.046,0
31006,Guymon,OK,South,West South Central,"29,937",0,rural,50,0.161702126,0.0051107,0.609,30685,6.358,0.029,0
31007,Dumas,TX,South,West South Central,"31,880",0,rural,48,0.136015326,0.0198871,0.611,29327,5.804,0.038,0
31101,Victoria,TX,South,West South Central,"165,277",0,urban,46,0.101472996,0.0635358,0.425,33599,12.592,0.028,0
31102,La Grange,TX,South,West South Central,"42,194",0,rural,49,0.114014253,0.1059392,0.457,36151,20.962,0.027,0
31103,Gonzales,TX,South,West South Central,"18,628",0,rural,44,0.069620252,0.0801482,0.492,28893,13.004,0.025,0
31201,Austin,TX,South,West South Central,"1,298,076",1,urban,40,0.069321632,0.0780424,0.249,41322,22.009,0.032,0
31202,Burnet,TX,South,West South Central,"51,191",0,rural,43,0.094736844,0.0107636,0.349,41431,11.996,0.035,0
31301,San Antonio,TX,South,West South Central,"1,724,863",1,urban,41,0.06438259,0.0595595,0.242,34002,14.409,0.026,0
31302,Beeville,TX,South,West South Central,"47,805",0,rural,46,0.10215947,0.0993202,0.466,18313,13.835,0.024,0
31303,Kerrville,TX,South,West South Central,"64,467",0,rural,45,0.095637582,0.0119131,0.471,42197,11.13,0.02,0
31304,Mason,TX,South,West South Central,"3,738",0,rural,,0.174418598,0.0013376,0.589,44195,,0.033,0
31401,Midland,TX,South,West South Central,"262,282",0,urban,51,0.178886995,0.0524131,0.462,33502,14.337,0.034,0
31402,Pecos,TX,South,West South Central,"31,286",0,rural,53,0.232954547,0.026881,0.632,24735,11.584,0.053,0
31403,Fort Stockton,TX,South,West South Central,"20,908",0,rural,52,0.22278057,0.0343409,0.664,22363,9.256,0.082,0
31404,Alpine,TX,South,West South Central,"18,377",0,rural,52,0.18026565,0.006149,0.705,25586,8.578,0.036,0
31501,Crystal City,TX,South,West South Central,"21,848",0,rural,45,0.083204933,0.0050348,0.606,17379,10.724,0.046,0
31502,Pearsall,TX,South,West South Central,"22,118",0,rural,45,0.09375,0.0438105,0.544,18365,9.465,0.041,0
31503,Laredo,TX,South,West South Central,"210,580",0,urban,45,0.108853586,0.0016051,0.327,21530,21.104,0.04,0
31600,Brownsville,TX,South,West South Central,"978,369",1,urban,44,0.091609113,0.0033219,0.343,20392,15.093,0.026,0
31700,Corpus Christi,TX,South,West South Central,"503,493",0,urban,44,0.105567604,0.0330253,0.387,30127,13.484,0.033,0
31800,College Station,TX,South,West South Central,"208,437",0,urban,42,0.077777781,0.1299481,0.451,26268,10.991,0.03,0
31900,Pearland,TX,South,West South Central,"320,912",0,urban,45,0.115716122,0.0966651,0.291,34849,7.742,0.034,0
32000,Houston,TX,South,West South Central,"4,504,013",1,urban,43,0.09273798,0.1708201,0.21,38963,17.512,0.033,0
32100,Beaumont,TX,South,West South Central,"497,770",0,urban,43,0.094970569,0.2252486,0.337,31840,11.668,0.031,0
32201,Huntsville,TX,South,West South Central,"191,792",0,rural,42,0.077342585,0.1945858,0.411,25251,13.918,0.021,0
32202,Nacogdoches,TX,South,West South Central,"103,842",0,rural,43,0.093918398,0.1754492,0.439,28783,13.012,0.019,0
32301,San Angelo,TX,South,West South Central,"113,973",0,urban,44,0.086386427,0.0371404,0.479,31936,11.329,0.024,0
32302,Brady,TX,South,West South Central,"23,666",0,rural,48,0.118143462,0.0133102,0.577,27666,14.675,0.022,0
32303,Junction,TX,South,West South Central,"6,828",0,rural,41,0.073469386,0.0019039,0.542,35219,5.439,0.023,0
32304,Uvalde,TX,South,West South Central,"35,212",0,rural,46,0.096843615,0.0023004,0.58,26771,13.255,0.031,0
32305,Del Rio,TX,South,West South Central,"49,316",0,rural,48,0.123060457,0.0132411,0.515,24076,7.013,0.035,0
32306,Eagle Pass,TX,South,West South Central,"47,297",0,rural,46,0.100081034,0.0011206,0.526,18470,9.534,0.024,0
32401,Big Spring,TX,South,West South Central,"54,073",0,rural,48,0.114441417,0.0495256,0.633,26412,10.352,0.039,0
32402,Sweetwater,TX,South,West South Central,"20,146",0,rural,47,0.12202853,0.0408518,0.588,28676,7.36,0.031,0
32403,Snyder,TX,South,West South Central,"26,918",0,rural,50,0.156089187,0.0822869,0.608,26045,7.916,0.048,0
32501,Abilene,TX,South,West South Central,"191,518",0,urban,45,0.103291988,0.0591119,0.487,29968,11.684,0.022,0
32502,Childress,TX,South,West South Central,"9,592",0,rural,44,0.078260869,0.1303169,0.757,23872,4.029,0.023,0
32503,Haskell,TX,South,West South Central,"15,157",0,rural,49,0.169014081,0.0477007,0.612,29543,5.069,0.038,0
32601,Wichita Falls,TX,South,West South Central,"151,524",0,urban,44,0.096604496,0.0877287,0.441,30238,12.378,0.022,0
32602,Graham,TX,South,West South Central,"28,556",0,rural,51,0.175939843,0.0244782,0.548,31567,8.506,0.034,0
32603,Seymour,TX,South,West South Central,"4,093",0,rural,,0.086021505,0.0329831,0.674,35578,,0.021,0
32604,Vernon,TX,South,West South Central,"21,022",0,rural,43,0.088073395,0.0740653,0.678,32588,32.43,0.032,0
32701,Brownwood,TX,South,West South Central,"58,246",0,rural,45,0.10866373,0.0325001,0.495,30586,9.849,0.023,0
32702,Stephenville,TX,South,West South Central,"55,256",0,rural,48,0.11419753,0.0059722,0.523,30856,13.86,0.027,0
32801,Waco,TX,South,West South Central,"281,618",0,urban,40,0.067537434,0.1413546,0.363,31690,12.76,0.023,0
32802,Corsicana,TX,South,West South Central,"100,377",0,rural,44,0.101304345,0.1658647,0.377,29976,7.452,0.03,0
32900,Killeen,TX,South,West South Central,"330,714",0,urban,40,0.077248268,0.1930097,0.383,28336,8.11,0.019,0
33000,Fort Worth,TX,South,West South Central,"1,804,370",1,urban,42,0.091362856,0.1045706,0.24,39232,15.257,0.027,0
33100,Dallas,TX,South,West South Central,"3,405,666",1,urban,40,0.071082465,0.1507356,0.218,43436,19.639,0.033,0
33200,Paris,TX,South,West South Central,"185,835",0,urban,41,0.076712325,0.1046197,0.39,32552,9.075,0.021,0
33300,Tyler,TX,South,West South Central,"434,643",0,urban,43,0.095106505,0.1423674,0.33,32245,11.932,0.022,0
33400,Longview,TX,South,West South Central,"289,849",0,urban,44,0.114197075,0.1933973,0.361,32365,11.649,0.032,0
33500,Texarkana,TX,South,West South Central,"235,988",0,urban,41,0.078893088,0.201345,0.399,31309,10.247,0.02,0
33601,Lawton,OK,South,West South Central,"171,610",0,urban,44,0.104880884,0.1313618,0.472,27931,8.63,0.014,0
33602,Altus,OK,South,West South Central,"48,010",0,rural,46,0.112149529,0.0737763,0.621,28343,7.529,0.013,0
33603,Frederick,OK,South,West South Central,"9,287",0,rural,46,0.074303403,0.0891569,0.538,29047,5.457,0.011,0
33700,Ardmore,OK,South,West South Central,"117,982",0,rural,46,0.110788234,0.0420657,0.442,29691,9.046,0.014,0
33801,Elk City,OK,South,West South Central,"60,885",0,rural,51,0.187198892,0.0305001,0.604,28315,6.759,0.018,0
33802,Chickasha,OK,South,West South Central,"75,666",0,urban,45,0.115446284,0.0297492,0.382,28080,7.397,0.012,0
33803,Oklahoma City,OK,South,West South Central,"1,154,246",1,urban,42,0.08207529,0.1000419,0.305,34352,12.936,0.017,0
33901,Ada,OK,South,West South Central,"69,207",0,rural,45,0.116729423,0.031572,0.458,25140,9.299,0.019,0
33902,Sherman,TX,South,West South Central,"178,371",0,urban,42,0.088479809,0.0526207,0.372,32930,8.671,0.02,0
34001,Hot Springs,AR,South,West South Central,"210,357",0,urban,40,0.070756733,0.1370337,0.384,31877,12.163,0.014,1
34002,Idabel,OK,South,West South Central,"97,397",0,rural,43,0.092278719,0.0587287,0.423,26431,7.085,0.012,0
34101,Sand Point,AK,West,Pacific,"2,697",0,rural,,,0.0155729,0.945,16696,,0.072,0
34102,Anchorage,AK,West,Pacific,"369,296",0,urban,45,0.133952975,0.0413896,0.364,41724,8.657,0.02,0
34103,Valdez,AK,West,Pacific,"10,195",0,rural,46,0.159999996,0.0032369,0.687,39972,3.202,0.043,0
34104,Bristol Bay,AK,West,Pacific,"1,258",0,rural,,,0.0055644,0.744,39909,,0.054,0
34105,Kotzebue,AK,West,Pacific,"7,208",0,rural,31,0.064516127,0.002081,0.864,27613,3.179,0.075,0
34106,Nome,AK,West,Pacific,"9,196",0,rural,31,0.046783626,0.003806,0.928,29589,6.635,0.015,0
34107,Dillingham,AK,West,Pacific,"6,745",0,rural,41,0.111842103,0.0028169,0.812,31291,4.54,0.011,0
34108,Kodiak,AK,West,Pacific,"13,913",0,rural,46,0.146153852,0.0092719,0.752,38933,14.251,0.017,0
34109,Juneau,AK,West,Pacific,"37,347",0,rural,43,0.125,0.0065333,0.547,43595,5.475,0.026,0
34110,Sitka,AK,West,Pacific,"15,519",0,rural,41,0.070866145,0.002513,0.805,42159,4.478,0.019,0
34111,Ketchikan,AK,West,Pacific,"20,216",0,rural,41,0.122605361,0.0037594,0.556,39002,7.918,0.022,0
34112,Bethel,AK,West,Pacific,"23,034",0,rural,33,0.051863857,0.0027351,0.909,23593,6.028,0.01,0
34113,Barrow,AK,West,Pacific,"7,385",0,rural,31,0.100000001,0.0069059,0.879,39123,5.017,,0
34114,Unalaska,AK,West,Pacific,"5,465",0,rural,,0.130434781,0.0301921,0.852,23637,,0.07,0
34115,Fairbanks,AK,West,Pacific,"97,458",0,urban,46,0.160626844,0.0499702,0.477,35935,7.605,0.016,0
34201,Havre,MT,West,Mountain,"25,840",0,rural,43,0.0821485,0.0009675,0.714,27557,5.873,0.025,0
34202,Shelby,MT,West,Mountain,"24,938",0,rural,40,0.047505938,0.0010025,0.664,25615,6.095,0.028,0
34203,Great Falls,MT,West,Mountain,"95,101",0,urban,47,0.096359745,0.0090535,0.538,32458,9.7,0.02,0
34204,Lewistown,MT,West,Mountain,"12,386",0,rural,50,0.171641797,0.0008074,0.685,31401,6.108,0.024,0
34301,Cody,WY,West,Mountain,"37,247",0,rural,53,0.147403687,0.0007517,0.617,32675,9.305,0.031,0
34302,Worland,WY,West,Mountain,"13,171",0,rural,50,0.130653262,0.0018981,0.766,34375,15.103,0.028,0
34303,Riverton,WY,West,Mountain,"35,804",0,rural,46,0.124318428,0.001201,0.632,30954,10.233,0.021,0
34304,Sheridan,WY,West,Mountain,"46,306",0,rural,45,0.104493208,0.0011446,0.583,32114,20.947,0.024,0
34305,Miles City,MT,West,Mountain,"12,895",0,rural,51,0.179282874,0.000853,0.755,30026,7.98,0.024,0
34306,Jordan,MT,West,Mountain,"1,279",0,rural,,,0.0007819,0.739,27449,,0.035,0
34307,Colstrip,MT,West,Mountain,"12,102",0,rural,44,0.088888891,0.0018179,0.693,28921,4.599,0.057,0
34308,Billings,MT,West,Mountain,"152,638",0,urban,48,0.130519167,0.0037802,0.446,35377,10.966,0.021,0
34309,Harlowton,MT,West,Mountain,"4,191",0,rural,,0.200000003,0.0007158,0.696,26263,,0.042,0
34401,Dillon,MT,West,Mountain,"9,202",0,rural,51,0.116883114,0.0013041,0.73,27667,13.733,0.027,0
34402,Bozeman,MT,West,Mountain,"93,985",0,rural,47,0.125968993,0.002245,0.527,31692,11.081,0.021,0
34403,Helena,MT,West,Mountain,"70,150",0,rural,46,0.119741097,0.0018389,0.472,33610,8.999,0.029,0
34404,Butte-Silver Bow,MT,West,Mountain,"54,033",0,rural,47,0.089366518,0.0017767,0.61,30173,6.68,0.03,0
34501,Bonners Ferry,ID,West,Mountain,"9,871",0,rural,46,0.099137932,0.0009118,0.438,28983,10.362,0.016,0.4
34502,Libby,MT,West,Mountain,"18,837",0,rural,48,0.130260527,0.0010087,0.599,26385,9.077,0.025,0
34503,Kalispell,MT,West,Mountain,"111,205",0,rural,45,0.110841423,0.0013579,0.45,32003,11.362,0.021,0
34504,Missoula,MT,West,Mountain,"135,756",0,urban,46,0.105627306,0.0022688,0.467,31286,8.702,0.025,0
34601,Gillette,WY,West,Mountain,"46,229",0,rural,56,0.264184386,0.0012546,0.536,34452,8.507,0.062,0
34602,Rawlins,WY,West,Mountain,"15,639",0,rural,49,0.193415642,0.0065861,0.722,31828,4.303,0.046,0
34603,Casper,WY,West,Mountain,"78,585",0,urban,50,0.1662689,0.006248,0.528,34840,15.007,0.021,0
34604,Lusk,WY,West,Mountain,"2,407",0,rural,,,0.0012464,0.72,30783,,0.036,0
34701,Honolulu,HI,West,Pacific,"876,156",1,urban,45,0.105292603,0.022351,0.235,39404,9.084,0.015,1.05
34702,Kapaa,HI,West,Pacific,"58,463",0,rural,44,0.099307157,0.0027881,0.37,38210,5.7,0.021,1.05
34703,Kahului,HI,West,Pacific,"128,241",0,urban,42,0.084893882,0.0037508,0.384,39556,9.414,0.021,1.05
34801,Las Vegas,NM,West,Mountain,"49,495",0,rural,42,0.085848421,0.0046671,0.537,26569,7.039,0.017,0
34802,Santa Fe,NM,West,Mountain,"218,804",0,urban,40,0.080323316,0.004095,0.371,38838,11.007,0.013,0
34803,Tucumcari,NM,West,Mountain,"10,965",0,rural,44,0.073033705,0.0073871,0.689,30332,9.005,0.014,0
34804,Clayton,NM,West,Mountain,"4,174",0,rural,,0.12230216,0,0.625,30305,,0.013,0
34805,Alamosa,CO,West,Mountain,"46,190",0,rural,45,0.098867923,0.0032258,0.552,27094,9.743,0.031,0
34901,Albuquerque,NM,West,Mountain,"755,244",1,urban,39,0.065984614,0.0215864,0.273,35591,9.867,0.014,0
34902,Socorro,NM,West,Mountain,"21,621",0,rural,41,0.052117262,0.0046251,0.565,24360,7.177,0.01,0
35001,Phoenix,AZ,West,Mountain,"3,303,211",1,urban,40,0.075277291,0.034316,0.242,40624,16.807,0.024,1.66
35002,Safford,AZ,West,Mountain,"42,036",0,rural,45,0.110591903,0.0151299,0.53,23579,6.422,0.022,1.66
35100,Tucson,AZ,West,Mountain,"999,882",1,urban,40,0.070549995,0.0291874,0.291,35571,12.39,0.024,1.66
35201,Grand Junction,CO,West,Mountain,"187,857",0,urban,47,0.146367148,0.0036517,0.465,35421,10.695,0.027,0
35202,Gunnison,CO,West,Mountain,"14,746",0,rural,50,0.10619469,0.0037298,0.644,32805,12.096,0.054,0
35300,Farmington,NM,West,Mountain,"168,198",0,urban,42,0.091447525,0.0034483,0.388,30450,10.796,0.028,0
35401,Flagstaff,AZ,West,Mountain,"289,883",0,urban,42,0.081450909,0.0060059,0.461,35102,12.415,0.027,1.66
35402,Cortez,CO,West,Mountain,"40,087",0,rural,46,0.126780629,0.0012473,0.502,28799,6.825,0.038,0
35500,Gallup,AZ,West,Mountain,"241,691",0,rural,34,0.041061398,0.0051471,0.468,20837,7.94,0.025,1.66
35600,Hilo,HI,West,Pacific,"148,677",0,rural,40,0.068267584,0.004049,0.346,35010,10.432,0.02,1.05
35701,Twin Falls,ID,West,Mountain,"120,807",0,rural,45,0.087119184,0.0011837,0.505,35364,11.017,0.018,0.4
35702,Burley,ID,West,Mountain,"41,590",0,rural,49,0.113892369,0.0012984,0.536,28357,9.512,0.013,0.4
35801,Boise City,ID,West,Mountain,"493,970",0,urban,43,0.073920421,0.0062858,0.342,35642,12.044,0.016,0.4
35802,Ontario,OR,West,Pacific,"62,170",0,rural,44,0.08448416,0.0064018,0.49,27631,7.832,0.021,0
35803,McCall,ID,West,Mountain,"11,127",0,rural,44,0.124031007,0.0003595,0.561,33157,16.583,0.027,0.4
35901,St. George,UT,West,Mountain,"130,138",0,urban,46,0.108483292,0.0022899,0.575,31383,13.401,0.023,0
35902,Price,UT,West,Mountain,"54,045",0,rural,50,0.137343928,0.0024424,0.577,26759,5.884,0.033,0
35903,Moab,UT,West,Mountain,"8,485",0,rural,46,0.11797753,0.0021214,0.752,31770,4.036,0.029,0
35904,Richfield,UT,West,Mountain,"25,012",0,rural,51,0.128603101,0.0023589,0.633,28605,7.302,0.021,0
35905,Loa,UT,West,Mountain,"2,509",0,rural,,0.209677413,0.0015943,0.628,32242,,0.019,0
36000,Provo,UT,West,Mountain,"389,179",0,urban,49,0.137511998,0.0026312,0.454,29115,19.986,0.021,0
36100,Salt Lake City,UT,West,Mountain,"1,426,729",1,urban,46,0.108327426,0.0099171,0.294,36988,12.569,0.021,0
36200,Logan,UT,West,Mountain,"149,590",0,urban,51,0.13690953,0.002674,0.528,28953,8.962,0.015,0
36301,Pocatello,ID,West,Mountain,"269,722",0,urban,46,0.092508666,0.0034443,0.517,30119,7.878,0.016,0.4
36302,Salmon,ID,West,Mountain,"12,148",0,rural,48,0.154929578,0.0006585,0.582,30782,6.123,0.013,0.4
36303,Jackson,WY,West,Mountain,"24,250",0,rural,50,0.113924049,0.0012784,0.488,53838,64.788,0.038,0
36401,Steamboat Springs,CO,West,Mountain,"38,860",0,rural,52,0.158904105,0.0013124,0.549,39506,9.631,0.067,0
36402,Vernal,UT,West,Mountain,"39,595",0,rural,57,0.253378391,0.0011113,0.557,26254,5.914,0.038,0
36403,Soda Springs,ID,West,Mountain,"13,715",0,rural,54,0.17699115,0.0006562,0.575,29943,4.487,0.021,0.4
36404,Rock Springs,WY,West,Mountain,"80,730",0,rural,53,0.205394194,0.0039391,0.545,33999,6.384,0.053,0
36501,Klamath Falls,CA,West,Pacific,"151,353",0,rural,43,0.085617594,0.0261178,0.528,29858,6.928,0.022,6.3
36502,Burns,OR,West,Pacific,"7,609",0,rural,44,0.139393941,0.0011828,0.73,30896,2.673,0.038,0
36503,Lakeview,OR,West,Pacific,"7,422",0,rural,48,0.109826587,0.0010779,0.692,31635,9.273,0.025,0
36600,Redding,CA,West,Pacific,"219,295",0,urban,42,0.088071346,0.0066486,0.424,33442,9.24,0.019,6.3
36700,Eureka,CA,West,Pacific,"139,540",0,rural,39,0.07579273,0.0078042,0.497,30456,8.783,0.018,6.3
36800,Medford,OR,West,Pacific,"256,995",0,urban,41,0.071968012,0.0033697,0.429,36289,10.847,0.024,0
36901,Crescent City,CA,West,Pacific,"48,644",0,rural,40,0.08342246,0.0246279,0.626,29532,8.285,0.017,6.3
36902,Roseburg,OR,West,Pacific,"163,178",0,rural,41,0.081977881,0.0020468,0.462,32479,8.286,0.029,0
37000,Modesto,CA,West,Pacific,"729,182",1,urban,42,0.093628272,0.0266888,0.372,31666,12.051,0.019,6.3
37100,Bakersfield,CA,West,Pacific,"661,645",1,urban,45,0.121619716,0.0571983,0.362,28781,11.528,0.028,6.3
37200,Fresno,CA,West,Pacific,"1,419,998",1,urban,41,0.074879371,0.0426346,0.351,28267,11.107,0.02,6.3
37300,Chico,CA,West,Pacific,"387,577",0,urban,43,0.094842598,0.0157827,0.442,31471,8.792,0.019,6.3
37400,Sacramento,CA,West,Pacific,"2,570,609",1,urban,43,0.096909009,0.0630189,0.285,39560,12.004,0.02,6.3
37500,San Jose,CA,West,Pacific,"2,393,183",1,urban,45,0.129325882,0.0255705,0.244,52004,26.38,0.023,6.3
37601,Elko,NV,West,Mountain,"61,917",0,rural,47,0.160294116,0.0103849,0.513,32701,11.854,0.024,0
37602,Winnemucca,NV,West,Mountain,"22,799",0,rural,47,0.16955018,0.0190359,0.496,31976,6.081,0.031,0
37603,Portola,CA,West,Pacific,"24,379",0,rural,45,0.117647059,0.0055786,0.552,36905,10.523,0.03,6.3
37604,Reno,NV,West,Mountain,"453,825",0,urban,41,0.091030493,0.0181325,0.378,41398,16.934,0.02,0
37700,Santa Rosa,CA,West,Pacific,"603,188",1,urban,42,0.099550895,0.0129247,0.349,43636,14.83,0.02,6.3
37800,San Francisco,CA,West,Pacific,"4,642,561",1,urban,44,0.121525869,0.0961999,0.212,54014,23.587,0.023,6.3
37901,Las Vegas,NV,West,Mountain,"1,568,418",1,urban,40,0.080029011,0.078189,0.245,38429,20.8,0.021,0
37902,Reno,NV,West,Mountain,"5,071",0,rural,,0.109756097,0.0463419,0.687,34004,,0.018,0
37903,Mammoth Lakes,CA,West,Pacific,"30,798",0,rural,45,0.115942031,0.0023703,0.64,38537,7.066,0.048,6.3
38000,San Diego,CA,West,Pacific,"2,813,833",1,urban,44,0.104364753,0.0549027,0.247,40913,17.139,0.019,6.3
38100,Yuma,CA,West,Pacific,"302,387",0,urban,44,0.098213226,0.0273954,0.45,26908,9.975,0.023,6.3
38200,Santa Barbara,CA,West,Pacific,"646,028",1,urban,45,0.112940833,0.0203211,0.448,40050,16.672,0.022,6.3
38300,Los Angeles,CA,West,Pacific,"16,393,360",1,urban,43,0.096090205,0.073222,0.225,38902,18.528,0.023,6.3
38401,Lewiston,ID,West,Mountain,"88,546",0,urban,45,0.09020979,0.0019538,0.555,32663,6.848,0.016,0.4
38402,Pullman,WA,West,Pacific,"75,675",0,rural,48,0.142361104,0.0107301,0.557,24766,6.766,0.018,0
38501,Moses Lake,WA,West,Pacific,"91,126",0,rural,45,0.096579477,0.0073854,0.512,29315,6.787,0.018,0
38502,Wenatchee,WA,West,Pacific,"99,219",0,urban,45,0.093546048,0.0017436,0.503,36330,10.772,0.018,0
38601,Spokane,WA,West,Pacific,"608,317",1,urban,43,0.092801489,0.0110403,0.348,34286,10.294,0.018,0
38602,Colville,WA,West,Pacific,"86,890",0,urban,42,0.097524755,0.0023133,0.427,29312,8.849,0.013,0
38700,Longview,WA,West,Pacific,"220,580",0,urban,41,0.09277267,0.0038716,0.448,34298,8.287,0.021,0
38801,Portland,OR,West,Pacific,"1,842,889",1,urban,41,0.093058541,0.0266869,0.258,41718,15.8,0.031,0
38802,The Dalles,OR,West,Pacific,"65,297",0,rural,43,0.104380243,0.0024044,0.53,32881,6.761,0.026,0
38901,Eugene,OR,West,Pacific,"936,387",1,urban,40,0.078895815,0.0068433,0.381,34589,10.922,0.027,0
38902,Newport,OR,West,Pacific,"68,741",0,rural,41,0.072574481,0.0022548,0.49,36264,7.284,0.035,0
39000,Yakima,WA,West,Pacific,"255,943",0,urban,43,0.081706583,0.0080838,0.427,30403,10.008,0.015,0
39100,Kennewick,WA,West,Pacific,"332,609",0,urban,44,0.105854802,0.0113467,0.453,34510,8.535,0.018,0
39201,La Grande,OR,West,Pacific,"41,271",0,rural,45,0.087674715,0.0037314,0.645,31277,7.199,0.025,0
39202,Enterprise,OR,West,Pacific,"7,226",0,rural,48,0.143790856,0.0002768,0.644,34762,30.487,0.016,0
39203,Bend,OR,West,Pacific,"153,558",0,urban,41,0.081726357,0.0016671,0.474,37787,11.325,0.029,0
39204,Condon,OR,West,Pacific,"3,462",0,rural,,0.108695649,0.0011554,0.546,33476,,0.033,0
39205,John Day,OR,West,Pacific,"7,935",0,rural,50,0.11585366,0.0010082,0.579,32736,4.4,0.013,0
39301,Friday Harbor,WA,West,Pacific,"14,077",0,rural,39,0.101694912,0.0024153,0.628,58628,60.527,0.018,0
39302,Bellingham,WA,West,Pacific,"166,814",0,urban,44,0.115575127,0.0063844,0.418,35491,12.245,0.021,0
39303,Port Angeles,WA,West,Pacific,"90,478",0,rural,41,0.085840061,0.0068525,0.486,39625,12.848,0.015,0
39400,Seattle,WA,West,Pacific,"3,775,744",1,urban,43,0.108550951,0.0431878,0.24,44591,18.7,0.021,0